	<wordnet_person_100007846>	rdfs:subClassOf	owl:Thing	
	<wordnet_person_100007846>	owl:disjointWith	<wordnet_organization_108008335>	
	<wordnet_person_100007846>	owl:disjointWith	<wordnet_building_102913152>	
	<wordnet_person_100007846>	owl:disjointWith	<yagoGeoEntity>	
	<wordnet_person_100007846>	owl:disjointWith	<wordnet_artifact_100021939>	
	<wordnet_person_100007846>	owl:disjointWith	<wordnet_abstraction_100002137>	
	<wordnet_person_100007846>	owl:disjointWith	<wordnet_physical_entity_100001930>	
	<wordnet_organization_108008335>	rdfs:subClassOf	owl:Thing	
	<wordnet_organization_108008335>	owl:disjointWith	<wordnet_person_100007846>	
	<wordnet_organization_108008335>	owl:disjointWith	<wordnet_building_102913152>	
	<wordnet_organization_108008335>	owl:disjointWith	<yagoGeoEntity>	
	<wordnet_organization_108008335>	owl:disjointWith	<wordnet_artifact_100021939>	
	<wordnet_organization_108008335>	owl:disjointWith	<wordnet_abstraction_100002137>	
	<wordnet_organization_108008335>	owl:disjointWith	<wordnet_physical_entity_100001930>	
	<wordnet_building_102913152>	rdfs:subClassOf	owl:Thing	
	<wordnet_building_102913152>	owl:disjointWith	<wordnet_person_100007846>	
	<wordnet_building_102913152>	owl:disjointWith	<wordnet_organization_108008335>	
	<wordnet_building_102913152>	owl:disjointWith	<yagoGeoEntity>	
	<wordnet_building_102913152>	owl:disjointWith	<wordnet_artifact_100021939>	
	<wordnet_building_102913152>	owl:disjointWith	<wordnet_abstraction_100002137>	
	<wordnet_building_102913152>	owl:disjointWith	<wordnet_physical_entity_100001930>	
	<yagoGeoEntity>	rdfs:subClassOf	owl:Thing	
	<yagoGeoEntity>	owl:disjointWith	<wordnet_person_100007846>	
	<yagoGeoEntity>	owl:disjointWith	<wordnet_organization_108008335>	
	<yagoGeoEntity>	owl:disjointWith	<wordnet_building_102913152>	
	<yagoGeoEntity>	owl:disjointWith	<wordnet_artifact_100021939>	
	<yagoGeoEntity>	owl:disjointWith	<wordnet_abstraction_100002137>	
	<yagoGeoEntity>	owl:disjointWith	<wordnet_physical_entity_100001930>	
	<wordnet_artifact_100021939>	rdfs:subClassOf	owl:Thing	
	<wordnet_artifact_100021939>	owl:disjointWith	<wordnet_person_100007846>	
	<wordnet_artifact_100021939>	owl:disjointWith	<wordnet_organization_108008335>	
	<wordnet_artifact_100021939>	owl:disjointWith	<wordnet_building_102913152>	
	<wordnet_artifact_100021939>	owl:disjointWith	<yagoGeoEntity>	
	<wordnet_artifact_100021939>	owl:disjointWith	<wordnet_abstraction_100002137>	
	<wordnet_artifact_100021939>	owl:disjointWith	<wordnet_physical_entity_100001930>	
	<wordnet_abstraction_100002137>	rdfs:subClassOf	owl:Thing	
	<wordnet_abstraction_100002137>	owl:disjointWith	<wordnet_person_100007846>	
	<wordnet_abstraction_100002137>	owl:disjointWith	<wordnet_organization_108008335>	
	<wordnet_abstraction_100002137>	owl:disjointWith	<wordnet_building_102913152>	
	<wordnet_abstraction_100002137>	owl:disjointWith	<yagoGeoEntity>	
	<wordnet_abstraction_100002137>	owl:disjointWith	<wordnet_artifact_100021939>	
	<wordnet_abstraction_100002137>	owl:disjointWith	<wordnet_physical_entity_100001930>	
	<wordnet_physical_entity_100001930>	rdfs:subClassOf	owl:Thing	
	<wordnet_physical_entity_100001930>	owl:disjointWith	<wordnet_person_100007846>	
	<wordnet_physical_entity_100001930>	owl:disjointWith	<wordnet_organization_108008335>	
	<wordnet_physical_entity_100001930>	owl:disjointWith	<wordnet_building_102913152>	
	<wordnet_physical_entity_100001930>	owl:disjointWith	<yagoGeoEntity>	
	<wordnet_physical_entity_100001930>	owl:disjointWith	<wordnet_artifact_100021939>	
	<wordnet_physical_entity_100001930>	owl:disjointWith	<wordnet_abstraction_100002137>	
	<wordnet_pass_106691083>	rdfs:subClassOf	<wordnet_abstraction_100002137>	
	<wordnet_sheik_110588357>	rdfs:subClassOf	<wordnet_person_100007846>	
	<wordnet_addendum_106399631>	rdfs:subClassOf	<wordnet_abstraction_100002137>	
	<wordnet_employer_110054657>	rdfs:subClassOf	<wordnet_person_100007846>	
	<wordnet_chine_107654538>	rdfs:subClassOf	<wordnet_physical_entity_100001930>	
	<wordnet_guest_of_honor_110151261>	rdfs:subClassOf	<wordnet_person_100007846>	
	<wordnet_wildcat_well_104584639>	rdfs:subClassOf	<yagoGeoEntity>	
	<wordnet_location_100027167>	rdfs:subClassOf	<yagoGeoEntity>	
	<wordnet_planned_community_108553887>	rdfs:subClassOf	<yagoGeoEntity>	
	<wordnet_epic_poem_106379721>	rdfs:subClassOf	<wordnet_abstraction_100002137>	
	<wordnet_flavin_114870924>	rdfs:subClassOf	<wordnet_abstraction_100002137>	
	<wordnet_lawn_108591592>	rdfs:subClassOf	<yagoGeoEntity>	
	<wordnet_cavalier_109902256>	rdfs:subClassOf	<wordnet_person_100007846>	
	<wordnet_computer_103082979>	rdfs:subClassOf	<wordnet_artifact_100021939>	
	<wordnet_quark_109401834>	rdfs:subClassOf	<wordnet_physical_entity_100001930>	
	<wordnet_monosaccharide_114954284>	rdfs:subClassOf	<wordnet_abstraction_100002137>	
	<wordnet_transportation_system_104473432>	rdfs:subClassOf	<yagoGeoEntity>	
	<wordnet_ratio_113819207>	rdfs:subClassOf	<wordnet_abstraction_100002137>	
	<wordnet_beam_111428379>	rdfs:subClassOf	<wordnet_physical_entity_100001930>	
	<wordnet_gin_107904395>	rdfs:subClassOf	<wordnet_abstraction_100002137>	
	<wordnet_watershed_108679369>	rdfs:subClassOf	<yagoGeoEntity>	
	<wordnet_oarsman_110368920>	rdfs:subClassOf	<wordnet_person_100007846>	
	<wordnet_reactor_104057846>	rdfs:subClassOf	<wordnet_artifact_100021939>	
	<wordnet_truss_bridge_104492749>	rdfs:subClassOf	<yagoGeoEntity>	
	<wordnet_stance_105082507>	rdfs:subClassOf	<wordnet_abstraction_100002137>	
	<wordnet_hide_114759275>	rdfs:subClassOf	<wordnet_abstraction_100002137>	
	<wordnet_circus_108189211>	rdfs:subClassOf	<wordnet_organization_108008335>	
	<wordnet_fireboat_103344393>	rdfs:subClassOf	<wordnet_artifact_100021939>	
	<wordnet_bookkeeper_109866115>	rdfs:subClassOf	<wordnet_person_100007846>	
	<wordnet_psychoactive_drug_104017137>	rdfs:subClassOf	<wordnet_physical_entity_100001930>	
	<wordnet_stop_consonant_107115914>	rdfs:subClassOf	<wordnet_abstraction_100002137>	
	<wordnet_serologist_110582032>	rdfs:subClassOf	<wordnet_person_100007846>	
	<wordnet_power_company_108186393>	rdfs:subClassOf	<wordnet_organization_108008335>	
	<wordnet_machine_gun_103701391>	rdfs:subClassOf	<wordnet_artifact_100021939>	
	<wordnet_diatom_101401106>	rdfs:subClassOf	<wordnet_physical_entity_100001930>	
	<wordnet_fire_107302836>	rdfs:subClassOf	<wordnet_abstraction_100002137>	
	<wordnet_baby_109827683>	rdfs:subClassOf	<wordnet_person_100007846>	
	<wordnet_array_107939382>	rdfs:subClassOf	<wordnet_abstraction_100002137>	
	<wordnet_cab_102930766>	rdfs:subClassOf	<wordnet_artifact_100021939>	
	<wordnet_slot_machine_104243941>	rdfs:subClassOf	<wordnet_artifact_100021939>	
	<wordnet_nasal_consonant_107119211>	rdfs:subClassOf	<wordnet_abstraction_100002137>	
	<wordnet_stylite_110667596>	rdfs:subClassOf	<wordnet_person_100007846>	
	<wordnet_mill-hand_110318293>	rdfs:subClassOf	<wordnet_person_100007846>	
	<wordnet_lullaby_107051851>	rdfs:subClassOf	<wordnet_abstraction_100002137>	
	<wordnet_hermit_crab_101986214>	rdfs:subClassOf	<wordnet_physical_entity_100001930>	
	<wordnet_think_tank_108478702>	rdfs:subClassOf	<wordnet_organization_108008335>	
	<wordnet_seigneury_113252293>	rdfs:subClassOf	<yagoGeoEntity>	
	<wordnet_invasion_107429976>	rdfs:subClassOf	<wordnet_abstraction_100002137>	
	<wordnet_programming_language_106898352>	rdfs:subClassOf	<wordnet_abstraction_100002137>	
	<wordnet_counselor_109968845>	rdfs:subClassOf	<wordnet_person_100007846>	
	<wordnet_waterway_109476331>	rdfs:subClassOf	<yagoGeoEntity>	
	<wordnet_red_wolf_102114712>	rdfs:subClassOf	<wordnet_physical_entity_100001930>	
	<wordnet_fjord_109281104>	rdfs:subClassOf	<yagoGeoEntity>	
	<wordnet_elimination_reaction_113473392>	rdfs:subClassOf	<wordnet_physical_entity_100001930>	
	<wordnet_catcher_109901143>	rdfs:subClassOf	<wordnet_person_100007846>	
	<wordnet_mascot_110297234>	rdfs:subClassOf	<wordnet_physical_entity_100001930>	
	<wordnet_sporting_dog_102098550>	rdfs:subClassOf	<wordnet_physical_entity_100001930>	
	<wordnet_chalice_103002948>	rdfs:subClassOf	<wordnet_artifact_100021939>	
	<wordnet_artillery_shell_102746595>	rdfs:subClassOf	<wordnet_artifact_100021939>	
	<wordnet_acetic_acid_114599168>	rdfs:subClassOf	<wordnet_abstraction_100002137>	
	<wordnet_hedge_fund_108071229>	rdfs:subClassOf	<wordnet_organization_108008335>	
	<wordnet_pier_103933529>	rdfs:subClassOf	<wordnet_artifact_100021939>	
	<wordnet_millerite_114681987>	rdfs:subClassOf	<wordnet_abstraction_100002137>	
	<wordnet_ethologist_110065911>	rdfs:subClassOf	<wordnet_person_100007846>	
	<wordnet_travel_100295701>	rdfs:subClassOf	<wordnet_abstraction_100002137>	
	<wordnet_vocabulary_106420678>	rdfs:subClassOf	<wordnet_artifact_100021939>	
	<wordnet_g_113648596>	rdfs:subClassOf	<wordnet_abstraction_100002137>	
	<wordnet_hall_of_residence_103479397>	rdfs:subClassOf	<wordnet_building_102913152>	
	<wordnet_air_marshal_109781171>	rdfs:subClassOf	<wordnet_person_100007846>	
	<wordnet_naval_academy_108279665>	rdfs:subClassOf	<wordnet_organization_108008335>	
	<wordnet_internet_103580615>	rdfs:subClassOf	<wordnet_artifact_100021939>	
	<wordnet_opening_100457890>	rdfs:subClassOf	<wordnet_abstraction_100002137>	
	<wordnet_lunatic_110276764>	rdfs:subClassOf	<wordnet_person_100007846>	
	<wordnet_skateboarder_110604380>	rdfs:subClassOf	<wordnet_person_100007846>	
	<wordnet_festival_115162388>	rdfs:subClassOf	<wordnet_abstraction_100002137>	
	<wordnet_diode_103202940>	rdfs:subClassOf	<wordnet_artifact_100021939>	
	<wordnet_pronghorn_102429456>	rdfs:subClassOf	<wordnet_physical_entity_100001930>	
	<wordnet_political_campaign_107472929>	rdfs:subClassOf	<wordnet_abstraction_100002137>	
	<wordnet_pub_crawl_100749105>	rdfs:subClassOf	<wordnet_abstraction_100002137>	
	<wordnet_bailiff_109833111>	rdfs:subClassOf	<wordnet_person_100007846>	
	<wordnet_efficiency_expert_110046717>	rdfs:subClassOf	<wordnet_person_100007846>	
	<wordnet_seminar_108327816>	rdfs:subClassOf	<wordnet_abstraction_100002137>	
	<wordnet_cabal_108241798>	rdfs:subClassOf	<wordnet_abstraction_100002137>	
	<wordnet_formation_108426461>	rdfs:subClassOf	<wordnet_abstraction_100002137>	
	<wordnet_book_fair_108408418>	rdfs:subClassOf	<wordnet_abstraction_100002137>	
	<wordnet_lathe_103646296>	rdfs:subClassOf	<wordnet_artifact_100021939>	
	<wordnet_plasticizer_114593162>	rdfs:subClassOf	<wordnet_abstraction_100002137>	
	<wordnet_nucleus_105434927>	rdfs:subClassOf	<wordnet_physical_entity_100001930>	
	<wordnet_pipeline_company_108069487>	rdfs:subClassOf	<wordnet_organization_108008335>	
	<wordnet_policy_105901508>	rdfs:subClassOf	<wordnet_abstraction_100002137>	
	<wordnet_fracture_114292090>	rdfs:subClassOf	<wordnet_abstraction_100002137>	
	<wordnet_community_college_108282542>	rdfs:subClassOf	<wordnet_organization_108008335>	
	<wordnet_web_log_106402202>	rdfs:subClassOf	<wordnet_abstraction_100002137>	
	<wordnet_barn_102793495>	rdfs:subClassOf	<wordnet_building_102913152>	
	<wordnet_mermaid_109489601>	rdfs:subClassOf	<wordnet_abstraction_100002137>	
	<wordnet_delay_115272029>	rdfs:subClassOf	<wordnet_abstraction_100002137>	
	<wordnet_aviary_102763604>	rdfs:subClassOf	<wordnet_building_102913152>	
	<wordnet_strut_100290125>	rdfs:subClassOf	<wordnet_abstraction_100002137>	
	<wordnet_binary_star_109221070>	rdfs:subClassOf	<wordnet_physical_entity_100001930>	
	<wordnet_continuance_101017987>	rdfs:subClassOf	<wordnet_abstraction_100002137>	
	<wordnet_disk_drive_103209666>	rdfs:subClassOf	<wordnet_artifact_100021939>	
	<wordnet_green_104967191>	rdfs:subClassOf	<wordnet_abstraction_100002137>	
	<wordnet_concept_album_106592078>	rdfs:subClassOf	<wordnet_artifact_100021939>	
	<wordnet_election_commission_108325124>	rdfs:subClassOf	<wordnet_organization_108008335>	
	<wordnet_toilet_104446276>	rdfs:subClassOf	<yagoGeoEntity>	
	<wordnet_discharge_lamp_103206023>	rdfs:subClassOf	<wordnet_artifact_100021939>	
	<wordnet_porphyria_114507651>	rdfs:subClassOf	<wordnet_abstraction_100002137>	
	<wordnet_dimension_105093581>	rdfs:subClassOf	<wordnet_abstraction_100002137>	
	<wordnet_datum_105816622>	rdfs:subClassOf	<wordnet_abstraction_100002137>	
	<wordnet_true_lobster_101983048>	rdfs:subClassOf	<wordnet_physical_entity_100001930>	
	<wordnet_time_107309599>	rdfs:subClassOf	<wordnet_abstraction_100002137>	
	<wordnet_ambassador_109787534>	rdfs:subClassOf	<wordnet_person_100007846>	
	<wordnet_consonant_107115021>	rdfs:subClassOf	<wordnet_abstraction_100002137>	
	<wordnet_diplomatic_mission_108402693>	rdfs:subClassOf	<wordnet_organization_108008335>	
	<wordnet_pit_109393108>	rdfs:subClassOf	<yagoGeoEntity>	
	<wordnet_life_113963192>	rdfs:subClassOf	<wordnet_abstraction_100002137>	
	<wordnet_rattlesnake_101754876>	rdfs:subClassOf	<wordnet_physical_entity_100001930>	
	<wordnet_butterfly_102274259>	rdfs:subClassOf	<wordnet_physical_entity_100001930>	
	<wordnet_carbamate_114792281>	rdfs:subClassOf	<wordnet_abstraction_100002137>	
	<wordnet_agent_109190918>	rdfs:subClassOf	<wordnet_physical_entity_100001930>	
	<wordnet_discount_house_103206405>	rdfs:subClassOf	<yagoGeoEntity>	
	<wordnet_enol_114605590>	rdfs:subClassOf	<wordnet_abstraction_100002137>	
	<wordnet_practitioner_110462860>	rdfs:subClassOf	<wordnet_person_100007846>	
	<wordnet_adjective_106321702>	rdfs:subClassOf	<wordnet_abstraction_100002137>	
	<wordnet_occultist_110370381>	rdfs:subClassOf	<wordnet_person_100007846>	
	<wordnet_infestation_114452616>	rdfs:subClassOf	<wordnet_abstraction_100002137>	
	<wordnet_plaything_103964744>	rdfs:subClassOf	<wordnet_artifact_100021939>	
	<wordnet_reference_book_106417598>	rdfs:subClassOf	<wordnet_artifact_100021939>	
	<wordnet_baseline_113854318>	rdfs:subClassOf	<wordnet_abstraction_100002137>	
	<wordnet_nursing_school_108283757>	rdfs:subClassOf	<wordnet_organization_108008335>	
	<wordnet_medicine_103740161>	rdfs:subClassOf	<wordnet_physical_entity_100001930>	
	<wordnet_cake_102937469>	rdfs:subClassOf	<wordnet_artifact_100021939>	
	<wordnet_driver_106574473>	rdfs:subClassOf	<wordnet_abstraction_100002137>	
	<wordnet_expedition_100968479>	rdfs:subClassOf	<wordnet_abstraction_100002137>	
	<wordnet_hammer_103481824>	rdfs:subClassOf	<wordnet_artifact_100021939>	
	<wordnet_collector_109936620>	rdfs:subClassOf	<wordnet_person_100007846>	
	<wordnet_game_bird_102153203>	rdfs:subClassOf	<wordnet_physical_entity_100001930>	
	<wordnet_hardware_103493333>	rdfs:subClassOf	<wordnet_physical_entity_100001930>	
	<wordnet_coolant_114822141>	rdfs:subClassOf	<wordnet_abstraction_100002137>	
	<wordnet_alumnus_109786338>	rdfs:subClassOf	<wordnet_person_100007846>	
	<wordnet_os_105302422>	rdfs:subClassOf	<wordnet_physical_entity_100001930>	
	<wordnet_embryologist_110051761>	rdfs:subClassOf	<wordnet_person_100007846>	
	<wordnet_perfect_game_100474881>	rdfs:subClassOf	<wordnet_abstraction_100002137>	
	<wordnet_hostage_110187557>	rdfs:subClassOf	<wordnet_person_100007846>	
	<wordnet_lesbian_110254965>	rdfs:subClassOf	<wordnet_person_100007846>	
	<wordnet_projectionist_110481561>	rdfs:subClassOf	<wordnet_person_100007846>	
	<wordnet_catacomb_102981024>	rdfs:subClassOf	<yagoGeoEntity>	
	<wordnet_rocket_scientist_110536274>	rdfs:subClassOf	<wordnet_person_100007846>	
	<wordnet_island_109316454>	rdfs:subClassOf	<yagoGeoEntity>	
	<wordnet_announcement_106726158>	rdfs:subClassOf	<wordnet_abstraction_100002137>	
	<wordnet_utility_program_106581410>	rdfs:subClassOf	<wordnet_abstraction_100002137>	
	<wordnet_war_crime_100782518>	rdfs:subClassOf	<wordnet_abstraction_100002137>	
	<wordnet_heart_105919263>	rdfs:subClassOf	<wordnet_abstraction_100002137>	
	<wordnet_film_director_110088200>	rdfs:subClassOf	<wordnet_person_100007846>	
	<wordnet_hermit_110172448>	rdfs:subClassOf	<wordnet_person_100007846>	
	<wordnet_contribution_113270038>	rdfs:subClassOf	<wordnet_abstraction_100002137>	
	<wordnet_treasure_trove_113371355>	rdfs:subClassOf	<wordnet_abstraction_100002137>	
	<wordnet_pollster_110451590>	rdfs:subClassOf	<wordnet_person_100007846>	
	<wordnet_chapter_106396142>	rdfs:subClassOf	<wordnet_abstraction_100002137>	
	<wordnet_police_station_103977678>	rdfs:subClassOf	<yagoGeoEntity>	
	<wordnet_poacher_110444058>	rdfs:subClassOf	<wordnet_person_100007846>	
	<wordnet_heat_exchanger_103508485>	rdfs:subClassOf	<wordnet_artifact_100021939>	
	<wordnet_situation_comedy_107017733>	rdfs:subClassOf	<wordnet_abstraction_100002137>	
	<wordnet_antiviral_102725367>	rdfs:subClassOf	<wordnet_physical_entity_100001930>	
	<wordnet_coupling_103119510>	rdfs:subClassOf	<wordnet_artifact_100021939>	
	<wordnet_prayer_book_106416946>	rdfs:subClassOf	<wordnet_artifact_100021939>	
	<wordnet_herring_107784522>	rdfs:subClassOf	<wordnet_physical_entity_100001930>	
	<wordnet_steroid_115057744>	rdfs:subClassOf	<wordnet_abstraction_100002137>	
	<wordnet_analog_computer_102708224>	rdfs:subClassOf	<wordnet_artifact_100021939>	
	<wordnet_gladiator_110131815>	rdfs:subClassOf	<wordnet_person_100007846>	
	<wordnet_dialogue_107136206>	rdfs:subClassOf	<wordnet_abstraction_100002137>	
	<wordnet_object-oriented_database_management_system_106589151>	rdfs:subClassOf	<wordnet_abstraction_100002137>	
	<wordnet_benzofuran_114898101>	rdfs:subClassOf	<wordnet_abstraction_100002137>	
	<wordnet_unicyclist_110738111>	rdfs:subClassOf	<wordnet_person_100007846>	
	<wordnet_living_arrangement_105730046>	rdfs:subClassOf	<wordnet_abstraction_100002137>	
	<wordnet_table_108266235>	rdfs:subClassOf	<wordnet_abstraction_100002137>	
	<wordnet_tiara_104432203>	rdfs:subClassOf	<wordnet_artifact_100021939>	
	<wordnet_riot_gun_104093775>	rdfs:subClassOf	<wordnet_artifact_100021939>	
	<wordnet_dam_103160309>	rdfs:subClassOf	<yagoGeoEntity>	
	<wordnet_protest_march_101179167>	rdfs:subClassOf	<wordnet_abstraction_100002137>	
	<wordnet_turban_104498389>	rdfs:subClassOf	<wordnet_artifact_100021939>	
	<wordnet_fulminate_114798709>	rdfs:subClassOf	<wordnet_abstraction_100002137>	
	<wordnet_tenor_saxophonist_110701962>	rdfs:subClassOf	<wordnet_person_100007846>	
	<wordnet_surveyor_110680609>	rdfs:subClassOf	<wordnet_person_100007846>	
	<wordnet_fractal_105931152>	rdfs:subClassOf	<wordnet_abstraction_100002137>	
	<wordnet_falcon_101610955>	rdfs:subClassOf	<wordnet_physical_entity_100001930>	
	<wordnet_jaguar_102128925>	rdfs:subClassOf	<wordnet_physical_entity_100001930>	
	<wordnet_frozen_dessert_107611358>	rdfs:subClassOf	<wordnet_physical_entity_100001930>	
	<wordnet_public_library_107978170>	rdfs:subClassOf	<wordnet_abstraction_100002137>	
	<wordnet_convenience_store_103099274>	rdfs:subClassOf	<yagoGeoEntity>	
	<wordnet_tartan_104395106>	rdfs:subClassOf	<wordnet_artifact_100021939>	
	<wordnet_test_100791078>	rdfs:subClassOf	<wordnet_abstraction_100002137>	
	<wordnet_iodide_114922371>	rdfs:subClassOf	<wordnet_abstraction_100002137>	
	<wordnet_automobile_engine_102761557>	rdfs:subClassOf	<wordnet_artifact_100021939>	
	<wordnet_borough_108540532>	rdfs:subClassOf	<yagoGeoEntity>	
	<wordnet_design_100928077>	rdfs:subClassOf	<wordnet_abstraction_100002137>	
	<wordnet_veteran_110749528>	rdfs:subClassOf	<wordnet_person_100007846>	
	<wordnet_albatross_105689645>	rdfs:subClassOf	<wordnet_abstraction_100002137>	
	<wordnet_anticonvulsant_102718469>	rdfs:subClassOf	<wordnet_physical_entity_100001930>	
	<wordnet_algorithm_105847438>	rdfs:subClassOf	<wordnet_abstraction_100002137>	
	<wordnet_hagiographer_110155692>	rdfs:subClassOf	<wordnet_person_100007846>	
	<wordnet_room_104105893>	rdfs:subClassOf	<yagoGeoEntity>	
	<wordnet_radio_receiver_104043733>	rdfs:subClassOf	<wordnet_artifact_100021939>	
	<wordnet_avalanche_107405137>	rdfs:subClassOf	<wordnet_abstraction_100002137>	
	<wordnet_halogen_114904661>	rdfs:subClassOf	<wordnet_abstraction_100002137>	
	<wordnet_glyph_103442164>	rdfs:subClassOf	<wordnet_artifact_100021939>	
	<wordnet_decomposition_106013471>	rdfs:subClassOf	<wordnet_abstraction_100002137>	
	<wordnet_anxiety_disorder_114380473>	rdfs:subClassOf	<wordnet_abstraction_100002137>	
	<wordnet_container_103094503>	rdfs:subClassOf	<wordnet_artifact_100021939>	
	<wordnet_cosmetic_surgeon_109967270>	rdfs:subClassOf	<wordnet_person_100007846>	
	<wordnet_printing_106677302>	rdfs:subClassOf	<wordnet_abstraction_100002137>	
	<wordnet_pandemic_107435713>	rdfs:subClassOf	<wordnet_abstraction_100002137>	
	<wordnet_short_story_106371999>	rdfs:subClassOf	<wordnet_abstraction_100002137>	
	<wordnet_lipid-lowering_medicine_103676175>	rdfs:subClassOf	<wordnet_physical_entity_100001930>	
	<wordnet_neuroscientist_110354580>	rdfs:subClassOf	<wordnet_person_100007846>	
	<wordnet_motion_100331950>	rdfs:subClassOf	<wordnet_abstraction_100002137>	
	<wordnet_soliloquy_107160752>	rdfs:subClassOf	<wordnet_abstraction_100002137>	
	<wordnet_assault_rifle_102749479>	rdfs:subClassOf	<wordnet_artifact_100021939>	
	<wordnet_double_agent_110027476>	rdfs:subClassOf	<wordnet_person_100007846>	
	<wordnet_grandma_110142747>	rdfs:subClassOf	<wordnet_person_100007846>	
	<wordnet_center_108523483>	rdfs:subClassOf	<yagoGeoEntity>	
	<wordnet_hawk_101605630>	rdfs:subClassOf	<wordnet_physical_entity_100001930>	
	<wordnet_ostentation_106889330>	rdfs:subClassOf	<wordnet_abstraction_100002137>	
	<wordnet_nitrofuran_114963634>	rdfs:subClassOf	<wordnet_abstraction_100002137>	
	<wordnet_hairdo_105256862>	rdfs:subClassOf	<wordnet_physical_entity_100001930>	
	<wordnet_bird_family_101504437>	rdfs:subClassOf	<wordnet_abstraction_100002137>	
	<wordnet_annelid_101934440>	rdfs:subClassOf	<wordnet_physical_entity_100001930>	
	<wordnet_sniper_110616899>	rdfs:subClassOf	<wordnet_person_100007846>	
	<wordnet_czar_109987239>	rdfs:subClassOf	<wordnet_person_100007846>	
	<wordnet_philatelist_110422405>	rdfs:subClassOf	<wordnet_person_100007846>	
	<wordnet_presidency_115266265>	rdfs:subClassOf	<wordnet_abstraction_100002137>	
	<wordnet_dumbbell_110039391>	rdfs:subClassOf	<wordnet_person_100007846>	
	<wordnet_cheer_106692572>	rdfs:subClassOf	<wordnet_abstraction_100002137>	
	<wordnet_energizer_110056103>	rdfs:subClassOf	<wordnet_person_100007846>	
	<wordnet_system_104377057>	rdfs:subClassOf	<wordnet_artifact_100021939>	
	<wordnet_barge_102792552>	rdfs:subClassOf	<wordnet_artifact_100021939>	
	<wordnet_steel_114802450>	rdfs:subClassOf	<wordnet_abstraction_100002137>	
	<wordnet_muralist_110338498>	rdfs:subClassOf	<wordnet_person_100007846>	
	<wordnet_bilingual_dictionary_106419234>	rdfs:subClassOf	<wordnet_artifact_100021939>	
	<wordnet_bureaucrat_109880427>	rdfs:subClassOf	<wordnet_person_100007846>	
	<wordnet_anaphora_107100815>	rdfs:subClassOf	<wordnet_abstraction_100002137>	
	<wordnet_concert_106892775>	rdfs:subClassOf	<wordnet_abstraction_100002137>	
	<wordnet_shipping_company_108003717>	rdfs:subClassOf	<wordnet_organization_108008335>	
	<wordnet_reproductive_organ_105513302>	rdfs:subClassOf	<wordnet_physical_entity_100001930>	
	<wordnet_beeper_102823124>	rdfs:subClassOf	<wordnet_artifact_100021939>	
	<wordnet_birth_defect_114465048>	rdfs:subClassOf	<wordnet_abstraction_100002137>	
	<wordnet_sulfur_oxide_115063946>	rdfs:subClassOf	<wordnet_abstraction_100002137>	
	<wordnet_autosomal_dominant_disease_114162025>	rdfs:subClassOf	<wordnet_abstraction_100002137>	
	<wordnet_telluride_115068134>	rdfs:subClassOf	<wordnet_abstraction_100002137>	
	<wordnet_haplotype_105439582>	rdfs:subClassOf	<wordnet_abstraction_100002137>	
	<wordnet_earwig_102272871>	rdfs:subClassOf	<wordnet_physical_entity_100001930>	
	<wordnet_judge_110225219>	rdfs:subClassOf	<wordnet_person_100007846>	
	<wordnet_span_115134340>	rdfs:subClassOf	<wordnet_abstraction_100002137>	
	<wordnet_vegetable_oil_107673397>	rdfs:subClassOf	<wordnet_abstraction_100002137>	
	<wordnet_lexicographer_110256080>	rdfs:subClassOf	<wordnet_person_100007846>	
	<wordnet_halide_114904359>	rdfs:subClassOf	<wordnet_abstraction_100002137>	
	<wordnet_forger_110105260>	rdfs:subClassOf	<wordnet_person_100007846>	
	<wordnet_musician_110339966>	rdfs:subClassOf	<wordnet_person_100007846>	
	<wordnet_character_106818970>	rdfs:subClassOf	<wordnet_abstraction_100002137>	
	<wordnet_collision_107302542>	rdfs:subClassOf	<wordnet_abstraction_100002137>	
	<wordnet_portable_computer_103985232>	rdfs:subClassOf	<wordnet_artifact_100021939>	
	<wordnet_commercial_treaty_106773857>	rdfs:subClassOf	<wordnet_abstraction_100002137>	
	<wordnet_lizard_101674464>	rdfs:subClassOf	<wordnet_physical_entity_100001930>	
	<wordnet_commandment_107169848>	rdfs:subClassOf	<wordnet_abstraction_100002137>	
	<wordnet_air_lane_108492546>	rdfs:subClassOf	<yagoGeoEntity>	
	<wordnet_reshuffle_101084489>	rdfs:subClassOf	<wordnet_abstraction_100002137>	
	<wordnet_invention_103582658>	rdfs:subClassOf	<wordnet_artifact_100021939>	
	<wordnet_rescript_106746347>	rdfs:subClassOf	<wordnet_abstraction_100002137>	
	<wordnet_condiment_107810907>	rdfs:subClassOf	<wordnet_physical_entity_100001930>	
	<wordnet_hadrosaur_101705934>	rdfs:subClassOf	<wordnet_physical_entity_100001930>	
	<wordnet_reader_110508710>	rdfs:subClassOf	<wordnet_person_100007846>	
	<wordnet_aromatic_hydrocarbon_114767996>	rdfs:subClassOf	<wordnet_abstraction_100002137>	
	<wordnet_ironclad_103585551>	rdfs:subClassOf	<wordnet_artifact_100021939>	
	<wordnet_cofactor_114800706>	rdfs:subClassOf	<wordnet_abstraction_100002137>	
	<wordnet_public_house_104018399>	rdfs:subClassOf	<wordnet_building_102913152>	
	<wordnet_novel_106367879>	rdfs:subClassOf	<wordnet_abstraction_100002137>	
	<wordnet_actor_109765278>	rdfs:subClassOf	<wordnet_person_100007846>	
	<wordnet_rambler_110506220>	rdfs:subClassOf	<wordnet_person_100007846>	
	<wordnet_barroom_102796995>	rdfs:subClassOf	<yagoGeoEntity>	
	<wordnet_adjuster_109769929>	rdfs:subClassOf	<wordnet_person_100007846>	
	<wordnet_brass_102891788>	rdfs:subClassOf	<wordnet_artifact_100021939>	
	<wordnet_high_priest_110175248>	rdfs:subClassOf	<wordnet_person_100007846>	
	<wordnet_circuit_103033362>	rdfs:subClassOf	<wordnet_artifact_100021939>	
	<wordnet_plunderer_110443170>	rdfs:subClassOf	<wordnet_person_100007846>	
	<wordnet_chordophone_103025886>	rdfs:subClassOf	<wordnet_artifact_100021939>	
	<wordnet_local_area_network_103681477>	rdfs:subClassOf	<wordnet_artifact_100021939>	
	<wordnet_computer_expert_109950917>	rdfs:subClassOf	<wordnet_person_100007846>	
	<wordnet_military_hospital_103762982>	rdfs:subClassOf	<wordnet_building_102913152>	
	<wordnet_bite_107577374>	rdfs:subClassOf	<wordnet_physical_entity_100001930>	
	<wordnet_antiflatulent_102719951>	rdfs:subClassOf	<wordnet_physical_entity_100001930>	
	<wordnet_discharge_111511523>	rdfs:subClassOf	<wordnet_physical_entity_100001930>	
	<wordnet_contingent_107976420>	rdfs:subClassOf	<wordnet_abstraction_100002137>	
	<wordnet_recession_114013368>	rdfs:subClassOf	<wordnet_abstraction_100002137>	
	<wordnet_lobster_107792725>	rdfs:subClassOf	<wordnet_physical_entity_100001930>	
	<wordnet_spy_110641755>	rdfs:subClassOf	<wordnet_person_100007846>	
	<wordnet_treasurer_110727256>	rdfs:subClassOf	<wordnet_person_100007846>	
	<wordnet_ecosystem_108368757>	rdfs:subClassOf	<wordnet_abstraction_100002137>	
	<wordnet_aphorism_107153130>	rdfs:subClassOf	<wordnet_abstraction_100002137>	
	<wordnet_partition_103894379>	rdfs:subClassOf	<yagoGeoEntity>	
	<wordnet_packer_110390427>	rdfs:subClassOf	<wordnet_person_100007846>	
	<wordnet_trouble_105687338>	rdfs:subClassOf	<wordnet_abstraction_100002137>	
	<wordnet_mogul_113895549>	rdfs:subClassOf	<wordnet_abstraction_100002137>	
	<wordnet_chorus_girl_109920901>	rdfs:subClassOf	<wordnet_person_100007846>	
	<wordnet_home_appliance_103528263>	rdfs:subClassOf	<wordnet_artifact_100021939>	
	<wordnet_advocate_109775663>	rdfs:subClassOf	<wordnet_person_100007846>	
	<wordnet_altar_102699629>	rdfs:subClassOf	<wordnet_artifact_100021939>	
	<wordnet_centennial_115251336>	rdfs:subClassOf	<wordnet_abstraction_100002137>	
	<wordnet_drive-by_shooting_100225361>	rdfs:subClassOf	<wordnet_abstraction_100002137>	
	<wordnet_roadway_104097622>	rdfs:subClassOf	<yagoGeoEntity>	
	<wordnet_sewing_machine_104179913>	rdfs:subClassOf	<wordnet_artifact_100021939>	
	<wordnet_weightlifter_110773394>	rdfs:subClassOf	<wordnet_person_100007846>	
	<wordnet_palindrome_106294828>	rdfs:subClassOf	<wordnet_abstraction_100002137>	
	<wordnet_group_action_101080366>	rdfs:subClassOf	<wordnet_abstraction_100002137>	
	<wordnet_sulfa_drug_104352070>	rdfs:subClassOf	<wordnet_physical_entity_100001930>	
	<wordnet_cannibal_109891079>	rdfs:subClassOf	<wordnet_person_100007846>	
	<wordnet_appliance_102729965>	rdfs:subClassOf	<wordnet_artifact_100021939>	
	<wordnet_summer_school_115225526>	rdfs:subClassOf	<wordnet_abstraction_100002137>	
	<wordnet_educationist_110045454>	rdfs:subClassOf	<wordnet_person_100007846>	
	<wordnet_minute_115234764>	rdfs:subClassOf	<wordnet_abstraction_100002137>	
	<wordnet_pentathlete_110414768>	rdfs:subClassOf	<wordnet_person_100007846>	
	<wordnet_changer_109609871>	rdfs:subClassOf	<wordnet_person_100007846>	
	<wordnet_cynodont_101720767>	rdfs:subClassOf	<wordnet_physical_entity_100001930>	
	<wordnet_spit_109442595>	rdfs:subClassOf	<yagoGeoEntity>	
	<wordnet_space_shuttle_104266014>	rdfs:subClassOf	<wordnet_artifact_100021939>	
	<wordnet_school_system_104146976>	rdfs:subClassOf	<yagoGeoEntity>	
	<wordnet_governor_110140314>	rdfs:subClassOf	<wordnet_person_100007846>	
	<wordnet_failure_100066636>	rdfs:subClassOf	<wordnet_abstraction_100002137>	
	<wordnet_meat_107649854>	rdfs:subClassOf	<wordnet_physical_entity_100001930>	
	<wordnet_elevator_103281145>	rdfs:subClassOf	<wordnet_artifact_100021939>	
	<wordnet_mountain_109359803>	rdfs:subClassOf	<yagoGeoEntity>	
	<wordnet_soldier_110622053>	rdfs:subClassOf	<wordnet_person_100007846>	
	<wordnet_volcanic_crater_109472413>	rdfs:subClassOf	<yagoGeoEntity>	
	<wordnet_maestro_110280130>	rdfs:subClassOf	<wordnet_person_100007846>	
	<wordnet_phenothiazine_114771643>	rdfs:subClassOf	<wordnet_abstraction_100002137>	
	<wordnet_limb_105560244>	rdfs:subClassOf	<wordnet_physical_entity_100001930>	
	<wordnet_draper_110032190>	rdfs:subClassOf	<wordnet_person_100007846>	
	<wordnet_supreme_court_108336188>	rdfs:subClassOf	<wordnet_abstraction_100002137>	
	<wordnet_director_110015215>	rdfs:subClassOf	<wordnet_person_100007846>	
	<wordnet_jazz_musician_110220486>	rdfs:subClassOf	<wordnet_person_100007846>	
	<wordnet_fixer_110094046>	rdfs:subClassOf	<wordnet_person_100007846>	
	<wordnet_earl_110041373>	rdfs:subClassOf	<wordnet_person_100007846>	
	<wordnet_dad_109988063>	rdfs:subClassOf	<wordnet_person_100007846>	
	<wordnet_marina_103721590>	rdfs:subClassOf	<yagoGeoEntity>	
	<wordnet_cornerback_109965787>	rdfs:subClassOf	<wordnet_person_100007846>	
	<wordnet_bazaar_102813544>	rdfs:subClassOf	<yagoGeoEntity>	
	<wordnet_tetra_102583890>	rdfs:subClassOf	<wordnet_physical_entity_100001930>	
	<wordnet_keyboard_instrument_103614532>	rdfs:subClassOf	<wordnet_artifact_100021939>	
	<wordnet_windmill_104587559>	rdfs:subClassOf	<wordnet_artifact_100021939>	
	<wordnet_volcanic_rock_114933314>	rdfs:subClassOf	<wordnet_abstraction_100002137>	
	<wordnet_bacteria_genus_101352574>	rdfs:subClassOf	<wordnet_abstraction_100002137>	
	<wordnet_lack_114449405>	rdfs:subClassOf	<wordnet_abstraction_100002137>	
	<wordnet_myrmecophyte_113179056>	rdfs:subClassOf	<wordnet_physical_entity_100001930>	
	<wordnet_bear_102131653>	rdfs:subClassOf	<wordnet_physical_entity_100001930>	
	<wordnet_eukaryote_101415626>	rdfs:subClassOf	<wordnet_physical_entity_100001930>	
	<wordnet_harpoon_103495671>	rdfs:subClassOf	<wordnet_artifact_100021939>	
	<wordnet_heterocyclic_compound_115025397>	rdfs:subClassOf	<wordnet_abstraction_100002137>	
	<wordnet_appointment_100163779>	rdfs:subClassOf	<wordnet_abstraction_100002137>	
	<wordnet_reagent_114778982>	rdfs:subClassOf	<wordnet_physical_entity_100001930>	
	<wordnet_memo_106506191>	rdfs:subClassOf	<wordnet_abstraction_100002137>	
	<wordnet_native_109620794>	rdfs:subClassOf	<wordnet_person_100007846>	
	<wordnet_counterspy_109970192>	rdfs:subClassOf	<wordnet_person_100007846>	
	<wordnet_cider_107921455>	rdfs:subClassOf	<wordnet_abstraction_100002137>	
	<wordnet_turbine_104498523>	rdfs:subClassOf	<wordnet_artifact_100021939>	
	<wordnet_goose_101855672>	rdfs:subClassOf	<wordnet_physical_entity_100001930>	
	<wordnet_husky_102109961>	rdfs:subClassOf	<wordnet_physical_entity_100001930>	
	<wordnet_dragoman_110029429>	rdfs:subClassOf	<wordnet_person_100007846>	
	<wordnet_projective_test_101007609>	rdfs:subClassOf	<wordnet_abstraction_100002137>	
	<wordnet_faculty_105650329>	rdfs:subClassOf	<wordnet_abstraction_100002137>	
	<wordnet_phonology_106177450>	rdfs:subClassOf	<wordnet_abstraction_100002137>	
	<wordnet_customs_113317002>	rdfs:subClassOf	<wordnet_abstraction_100002137>	
	<wordnet_diarist_110011486>	rdfs:subClassOf	<wordnet_person_100007846>	
	<wordnet_division_108213205>	rdfs:subClassOf	<wordnet_organization_108008335>	
	<wordnet_mine_103768346>	rdfs:subClassOf	<yagoGeoEntity>	
	<wordnet_electric_guitar_103272010>	rdfs:subClassOf	<wordnet_artifact_100021939>	
	<wordnet_abrasive_114799244>	rdfs:subClassOf	<wordnet_abstraction_100002137>	
	<wordnet_employee_110053808>	rdfs:subClassOf	<wordnet_person_100007846>	
	<wordnet_hovel_103547054>	rdfs:subClassOf	<yagoGeoEntity>	
	<wordnet_bitter_107889814>	rdfs:subClassOf	<wordnet_abstraction_100002137>	
	<wordnet_language_school_108282950>	rdfs:subClassOf	<wordnet_organization_108008335>	
	<wordnet_sperm_whale_102067240>	rdfs:subClassOf	<wordnet_physical_entity_100001930>	
	<wordnet_whirlpool_107433145>	rdfs:subClassOf	<wordnet_abstraction_100002137>	
	<wordnet_defense_attorney_110000158>	rdfs:subClassOf	<wordnet_person_100007846>	
	<wordnet_pesticide_114980215>	rdfs:subClassOf	<wordnet_abstraction_100002137>	
	<wordnet_ma_110278128>	rdfs:subClassOf	<wordnet_person_100007846>	
	<wordnet_request_106513366>	rdfs:subClassOf	<wordnet_abstraction_100002137>	
	<wordnet_mining_100922327>	rdfs:subClassOf	<wordnet_abstraction_100002137>	
	<wordnet_shopping_bag_104204081>	rdfs:subClassOf	<wordnet_artifact_100021939>	
	<wordnet_bearing_113795695>	rdfs:subClassOf	<wordnet_abstraction_100002137>	
	<wordnet_school_108276720>	rdfs:subClassOf	<wordnet_organization_108008335>	
	<wordnet_minority_leader_110321233>	rdfs:subClassOf	<wordnet_person_100007846>	
	<wordnet_chewing_gum_107599998>	rdfs:subClassOf	<wordnet_physical_entity_100001930>	
	<wordnet_picture_103931044>	rdfs:subClassOf	<wordnet_artifact_100021939>	
	<wordnet_trick_100171618>	rdfs:subClassOf	<wordnet_abstraction_100002137>	
	<wordnet_equestrian_sport_100450700>	rdfs:subClassOf	<wordnet_abstraction_100002137>	
	<wordnet_moss_family_111537665>	rdfs:subClassOf	<wordnet_abstraction_100002137>	
	<wordnet_speechwriter_110631654>	rdfs:subClassOf	<wordnet_person_100007846>	
	<wordnet_nose_flute_103831757>	rdfs:subClassOf	<wordnet_artifact_100021939>	
	<wordnet_interaction_100039021>	rdfs:subClassOf	<wordnet_abstraction_100002137>	
	<wordnet_microprocessor_103760310>	rdfs:subClassOf	<wordnet_artifact_100021939>	
	<wordnet_xanthine_115113050>	rdfs:subClassOf	<wordnet_abstraction_100002137>	
	<wordnet_bash_107448038>	rdfs:subClassOf	<wordnet_abstraction_100002137>	
	<wordnet_earldom_114432875>	rdfs:subClassOf	<wordnet_abstraction_100002137>	
	<wordnet_sailor_110546633>	rdfs:subClassOf	<wordnet_person_100007846>	
	<wordnet_automatic_rifle_102760855>	rdfs:subClassOf	<wordnet_artifact_100021939>	
	<wordnet_painter_110391653>	rdfs:subClassOf	<wordnet_person_100007846>	
	<wordnet_examination_107197021>	rdfs:subClassOf	<wordnet_abstraction_100002137>	
	<wordnet_personal_pronoun_106327136>	rdfs:subClassOf	<wordnet_abstraction_100002137>	
	<wordnet_computer_keyboard_103085013>	rdfs:subClassOf	<wordnet_artifact_100021939>	
	<wordnet_bandit_109837088>	rdfs:subClassOf	<wordnet_person_100007846>	
	<wordnet_aircraft_engine_102687423>	rdfs:subClassOf	<wordnet_artifact_100021939>	
	<wordnet_bounty_hunter_109869447>	rdfs:subClassOf	<wordnet_person_100007846>	
	<wordnet_oil_refinery_103844673>	rdfs:subClassOf	<yagoGeoEntity>	
	<wordnet_telecaster_110697420>	rdfs:subClassOf	<wordnet_person_100007846>	
	<wordnet_surface_104362025>	rdfs:subClassOf	<wordnet_artifact_100021939>	
	<wordnet_ovenbird_101570267>	rdfs:subClassOf	<wordnet_physical_entity_100001930>	
	<wordnet_squire_110643937>	rdfs:subClassOf	<wordnet_person_100007846>	
	<wordnet_polychaete_101936391>	rdfs:subClassOf	<wordnet_physical_entity_100001930>	
	<wordnet_count_109969218>	rdfs:subClassOf	<wordnet_person_100007846>	
	<wordnet_prehistory_115254550>	rdfs:subClassOf	<wordnet_abstraction_100002137>	
	<wordnet_triptych_104485423>	rdfs:subClassOf	<wordnet_artifact_100021939>	
	<wordnet_lecture_107240549>	rdfs:subClassOf	<wordnet_abstraction_100002137>	
	<wordnet_copepod_101996585>	rdfs:subClassOf	<wordnet_physical_entity_100001930>	
	<wordnet_climatologist_109929202>	rdfs:subClassOf	<wordnet_person_100007846>	
	<wordnet_interstate_103581354>	rdfs:subClassOf	<yagoGeoEntity>	
	<wordnet_poet_110444194>	rdfs:subClassOf	<wordnet_person_100007846>	
	<wordnet_alga_101397114>	rdfs:subClassOf	<wordnet_physical_entity_100001930>	
	<wordnet_emulsifier_114674408>	rdfs:subClassOf	<wordnet_physical_entity_100001930>	
	<wordnet_earthquake_107428954>	rdfs:subClassOf	<wordnet_physical_entity_100001930>	
	<wordnet_manner_104928903>	rdfs:subClassOf	<wordnet_abstraction_100002137>	
	<wordnet_marching_band_108249207>	rdfs:subClassOf	<wordnet_organization_108008335>	
	<wordnet_winger_110782471>	rdfs:subClassOf	<wordnet_person_100007846>	
	<wordnet_footing_113790912>	rdfs:subClassOf	<wordnet_abstraction_100002137>	
	<wordnet_logarithm_106812631>	rdfs:subClassOf	<wordnet_abstraction_100002137>	
	<wordnet_adventurer_109606009>	rdfs:subClassOf	<wordnet_person_100007846>	
	<wordnet_hymn_107035870>	rdfs:subClassOf	<wordnet_abstraction_100002137>	
	<wordnet_heathen_110166394>	rdfs:subClassOf	<wordnet_person_100007846>	
	<wordnet_bottled_water_107935737>	rdfs:subClassOf	<wordnet_abstraction_100002137>	
	<wordnet_electronic_device_103277771>	rdfs:subClassOf	<wordnet_artifact_100021939>	
	<wordnet_depression_114489113>	rdfs:subClassOf	<wordnet_abstraction_100002137>	
	<wordnet_halophyte_112387103>	rdfs:subClassOf	<wordnet_physical_entity_100001930>	
	<wordnet_politician_110450303>	rdfs:subClassOf	<wordnet_person_100007846>	
	<wordnet_enzyme_114732946>	rdfs:subClassOf	<wordnet_abstraction_100002137>	
	<wordnet_appointee_109800964>	rdfs:subClassOf	<wordnet_person_100007846>	
	<wordnet_judge_advocate_110225931>	rdfs:subClassOf	<wordnet_person_100007846>	
	<wordnet_magazine_106595351>	rdfs:subClassOf	<wordnet_artifact_100021939>	
	<wordnet_wide_area_network_104583477>	rdfs:subClassOf	<wordnet_artifact_100021939>	
	<wordnet_flier_110096217>	rdfs:subClassOf	<wordnet_person_100007846>	
	<wordnet_burgh_108540193>	rdfs:subClassOf	<wordnet_abstraction_100002137>	
	<wordnet_belief_105941423>	rdfs:subClassOf	<wordnet_abstraction_100002137>	
	<wordnet_precursor_109627117>	rdfs:subClassOf	<wordnet_person_100007846>	
	<wordnet_toll_bridge_104449449>	rdfs:subClassOf	<yagoGeoEntity>	
	<wordnet_probe_105800611>	rdfs:subClassOf	<wordnet_abstraction_100002137>	
	<wordnet_repression_113996571>	rdfs:subClassOf	<wordnet_abstraction_100002137>	
	<wordnet_supernova_109451237>	rdfs:subClassOf	<wordnet_physical_entity_100001930>	
	<wordnet_bunting_102921195>	rdfs:subClassOf	<wordnet_artifact_100021939>	
	<wordnet_sphere_114514039>	rdfs:subClassOf	<wordnet_abstraction_100002137>	
	<wordnet_jury_108414119>	rdfs:subClassOf	<wordnet_abstraction_100002137>	
	<wordnet_song_107048000>	rdfs:subClassOf	<wordnet_abstraction_100002137>	
	<wordnet_bicarbonate_114775729>	rdfs:subClassOf	<wordnet_abstraction_100002137>	
	<wordnet_horse_mackerel_102580679>	rdfs:subClassOf	<wordnet_physical_entity_100001930>	
	<wordnet_walking_leaf_102232223>	rdfs:subClassOf	<wordnet_physical_entity_100001930>	
	<wordnet_secretary_110570019>	rdfs:subClassOf	<wordnet_person_100007846>	
	<wordnet_sweeper_110682713>	rdfs:subClassOf	<wordnet_person_100007846>	
	<wordnet_etymological_dictionary_106419503>	rdfs:subClassOf	<wordnet_artifact_100021939>	
	<wordnet_quintessence_114847103>	rdfs:subClassOf	<wordnet_abstraction_100002137>	
	<wordnet_detainee_110009162>	rdfs:subClassOf	<wordnet_person_100007846>	
	<wordnet_amazon_109787293>	rdfs:subClassOf	<wordnet_person_100007846>	
	<wordnet_organ_105297523>	rdfs:subClassOf	<wordnet_physical_entity_100001930>	
	<wordnet_assembler_106573337>	rdfs:subClassOf	<wordnet_abstraction_100002137>	
	<wordnet_footrace_107460104>	rdfs:subClassOf	<wordnet_abstraction_100002137>	
	<wordnet_filicide_110088101>	rdfs:subClassOf	<wordnet_person_100007846>	
	<wordnet_airship_102692877>	rdfs:subClassOf	<wordnet_artifact_100021939>	
	<wordnet_console_table_103092883>	rdfs:subClassOf	<wordnet_artifact_100021939>	
	<wordnet_trolleybus_104487081>	rdfs:subClassOf	<wordnet_artifact_100021939>	
	<wordnet_fire_brigade_108121394>	rdfs:subClassOf	<wordnet_organization_108008335>	
	<wordnet_history_106514093>	rdfs:subClassOf	<wordnet_abstraction_100002137>	
	<wordnet_carnival_100511555>	rdfs:subClassOf	<wordnet_abstraction_100002137>	
	<wordnet_library_103660664>	rdfs:subClassOf	<yagoGeoEntity>	
	<wordnet_prayer_101041968>	rdfs:subClassOf	<wordnet_abstraction_100002137>	
	<wordnet_smuggler_110615334>	rdfs:subClassOf	<wordnet_person_100007846>	
	<wordnet_reef_109406793>	rdfs:subClassOf	<yagoGeoEntity>	
	<wordnet_scheme_105905348>	rdfs:subClassOf	<wordnet_abstraction_100002137>	
	<wordnet_renewable_resource_113332500>	rdfs:subClassOf	<wordnet_abstraction_100002137>	
	<wordnet_treatment_100658082>	rdfs:subClassOf	<wordnet_abstraction_100002137>	
	<wordnet_alkyl_114617189>	rdfs:subClassOf	<wordnet_physical_entity_100001930>	
	<wordnet_whaler_110775128>	rdfs:subClassOf	<wordnet_person_100007846>	
	<wordnet_ranter_110507070>	rdfs:subClassOf	<wordnet_person_100007846>	
	<wordnet_toothed_whale_102066707>	rdfs:subClassOf	<wordnet_physical_entity_100001930>	
	<wordnet_hospital_ship_103541269>	rdfs:subClassOf	<wordnet_artifact_100021939>	
	<wordnet_vowel_107112550>	rdfs:subClassOf	<wordnet_abstraction_100002137>	
	<wordnet_immunosuppressant_103562958>	rdfs:subClassOf	<wordnet_physical_entity_100001930>	
	<wordnet_young_person_110804406>	rdfs:subClassOf	<wordnet_person_100007846>	
	<wordnet_boat_102858304>	rdfs:subClassOf	<wordnet_artifact_100021939>	
	<wordnet_law_degree_106704740>	rdfs:subClassOf	<wordnet_abstraction_100002137>	
	<wordnet_gorge_109290444>	rdfs:subClassOf	<yagoGeoEntity>	
	<wordnet_android_102710201>	rdfs:subClassOf	<wordnet_artifact_100021939>	
	<wordnet_minicomputer_103770224>	rdfs:subClassOf	<wordnet_artifact_100021939>	
	<wordnet_campaign_100798245>	rdfs:subClassOf	<wordnet_abstraction_100002137>	
	<wordnet_ending_106308765>	rdfs:subClassOf	<wordnet_abstraction_100002137>	
	<wordnet_kick_100136329>	rdfs:subClassOf	<wordnet_abstraction_100002137>	
	<wordnet_pigment_114989820>	rdfs:subClassOf	<wordnet_abstraction_100002137>	
	<wordnet_cruise_missile_103140771>	rdfs:subClassOf	<wordnet_artifact_100021939>	
	<wordnet_presentation_100521562>	rdfs:subClassOf	<wordnet_abstraction_100002137>	
	<wordnet_computer_language_106899633>	rdfs:subClassOf	<wordnet_abstraction_100002137>	
	<wordnet_attitude_106193203>	rdfs:subClassOf	<wordnet_abstraction_100002137>	
	<wordnet_geometer_110128016>	rdfs:subClassOf	<wordnet_person_100007846>	
	<wordnet_proverb_107153838>	rdfs:subClassOf	<wordnet_abstraction_100002137>	
	<wordnet_township_108672199>	rdfs:subClassOf	<yagoGeoEntity>	
	<wordnet_hand_tool_103489162>	rdfs:subClassOf	<wordnet_artifact_100021939>	
	<wordnet_pacifist_110390199>	rdfs:subClassOf	<wordnet_person_100007846>	
	<wordnet_patriarchate_108617873>	rdfs:subClassOf	<yagoGeoEntity>	
	<wordnet_hound_102087551>	rdfs:subClassOf	<wordnet_physical_entity_100001930>	
	<wordnet_air_terminal_102693246>	rdfs:subClassOf	<yagoGeoEntity>	
	<wordnet_marshmallow_107608098>	rdfs:subClassOf	<wordnet_physical_entity_100001930>	
	<wordnet_fairytale_107222581>	rdfs:subClassOf	<wordnet_abstraction_100002137>	
	<wordnet_artery_105333777>	rdfs:subClassOf	<wordnet_physical_entity_100001930>	
	<wordnet_submersible_104348359>	rdfs:subClassOf	<wordnet_artifact_100021939>	
	<wordnet_spot_104682462>	rdfs:subClassOf	<wordnet_artifact_100021939>	
	<wordnet_clock_103046257>	rdfs:subClassOf	<wordnet_artifact_100021939>	
	<wordnet_blessedness_113987719>	rdfs:subClassOf	<wordnet_abstraction_100002137>	
	<wordnet_mutiny_100963896>	rdfs:subClassOf	<wordnet_abstraction_100002137>	
	<wordnet_canine_105307091>	rdfs:subClassOf	<wordnet_physical_entity_100001930>	
	<wordnet_liquid_114940386>	rdfs:subClassOf	<wordnet_abstraction_100002137>	
	<wordnet_blue_104968895>	rdfs:subClassOf	<wordnet_abstraction_100002137>	
	<wordnet_econometrician_110043491>	rdfs:subClassOf	<wordnet_person_100007846>	
	<wordnet_angler_109794081>	rdfs:subClassOf	<wordnet_person_100007846>	
	<wordnet_blood_cell_105449268>	rdfs:subClassOf	<wordnet_physical_entity_100001930>	
	<wordnet_assembly_language_106899310>	rdfs:subClassOf	<wordnet_abstraction_100002137>	
	<wordnet_wedding_107452074>	rdfs:subClassOf	<wordnet_abstraction_100002137>	
	<wordnet_client_109985075>	rdfs:subClassOf	<wordnet_person_100007846>	
	<wordnet_cut_113289159>	rdfs:subClassOf	<wordnet_abstraction_100002137>	
	<wordnet_supervisor_110676877>	rdfs:subClassOf	<wordnet_person_100007846>	
	<wordnet_intelligence_analyst_110210512>	rdfs:subClassOf	<wordnet_person_100007846>	
	<wordnet_porcupine_102346627>	rdfs:subClassOf	<wordnet_physical_entity_100001930>	
	<wordnet_genealogy_108102402>	rdfs:subClassOf	<wordnet_abstraction_100002137>	
	<wordnet_diocese_108550966>	rdfs:subClassOf	<yagoGeoEntity>	
	<wordnet_sea_cow_102073250>	rdfs:subClassOf	<wordnet_physical_entity_100001930>	
	<wordnet_hyena_102117135>	rdfs:subClassOf	<wordnet_physical_entity_100001930>	
	<wordnet_tax_collector_110693052>	rdfs:subClassOf	<wordnet_person_100007846>	
	<wordnet_state's_attorney_110649962>	rdfs:subClassOf	<wordnet_person_100007846>	
	<wordnet_cornhusker_109965905>	rdfs:subClassOf	<wordnet_person_100007846>	
	<wordnet_family_108078020>	rdfs:subClassOf	<wordnet_organization_108008335>	
	<wordnet_neurotransmitter_114807558>	rdfs:subClassOf	<wordnet_abstraction_100002137>	
	<wordnet_envelope_103291819>	rdfs:subClassOf	<wordnet_artifact_100021939>	
	<wordnet_duchess_110038409>	rdfs:subClassOf	<wordnet_person_100007846>	
	<wordnet_tartrate_114955559>	rdfs:subClassOf	<wordnet_abstraction_100002137>	
	<wordnet_pasha_110403768>	rdfs:subClassOf	<wordnet_person_100007846>	
	<wordnet_ringer_110531557>	rdfs:subClassOf	<wordnet_person_100007846>	
	<wordnet_legal_holiday_115199592>	rdfs:subClassOf	<wordnet_abstraction_100002137>	
	<wordnet_watering_place_108678615>	rdfs:subClassOf	<yagoGeoEntity>	
	<wordnet_legume_111747468>	rdfs:subClassOf	<wordnet_physical_entity_100001930>	
	<wordnet_light_103665366>	rdfs:subClassOf	<wordnet_artifact_100021939>	
	<wordnet_corporation_108059412>	rdfs:subClassOf	<wordnet_organization_108008335>	
	<wordnet_palimpsest_106407514>	rdfs:subClassOf	<wordnet_abstraction_100002137>	
	<wordnet_torch_song_107053884>	rdfs:subClassOf	<wordnet_abstraction_100002137>	
	<wordnet_down_101896561>	rdfs:subClassOf	<wordnet_abstraction_100002137>	
	<wordnet_punctuation_107368130>	rdfs:subClassOf	<wordnet_abstraction_100002137>	
	<wordnet_historical_document_106515489>	rdfs:subClassOf	<wordnet_abstraction_100002137>	
	<wordnet_rifle_104090263>	rdfs:subClassOf	<wordnet_artifact_100021939>	
	<wordnet_referendum_100181640>	rdfs:subClassOf	<wordnet_abstraction_100002137>	
	<wordnet_police_academy_108279424>	rdfs:subClassOf	<wordnet_organization_108008335>	
	<wordnet_stamp_collection_107958642>	rdfs:subClassOf	<wordnet_abstraction_100002137>	
	<wordnet_direction_106786629>	rdfs:subClassOf	<wordnet_abstraction_100002137>	
	<wordnet_captain_109893191>	rdfs:subClassOf	<wordnet_person_100007846>	
	<wordnet_greengrocer_110146559>	rdfs:subClassOf	<wordnet_person_100007846>	
	<wordnet_purine_114706749>	rdfs:subClassOf	<wordnet_abstraction_100002137>	
	<wordnet_data_input_device_103163973>	rdfs:subClassOf	<wordnet_artifact_100021939>	
	<wordnet_baleen_whale_102063224>	rdfs:subClassOf	<wordnet_physical_entity_100001930>	
	<wordnet_deacon_109994673>	rdfs:subClassOf	<wordnet_person_100007846>	
	<wordnet_tender_104409011>	rdfs:subClassOf	<wordnet_artifact_100021939>	
	<wordnet_part_113809207>	rdfs:subClassOf	<wordnet_abstraction_100002137>	
	<wordnet_solution_114589223>	rdfs:subClassOf	<wordnet_abstraction_100002137>	
	<wordnet_racer_110502576>	rdfs:subClassOf	<wordnet_physical_entity_100001930>	
	<wordnet_plaza_108619795>	rdfs:subClassOf	<yagoGeoEntity>	
	<wordnet_feminist_110084635>	rdfs:subClassOf	<wordnet_person_100007846>	
	<wordnet_riddle_106785223>	rdfs:subClassOf	<wordnet_abstraction_100002137>	
	<wordnet_social_organization_108378819>	rdfs:subClassOf	<wordnet_abstraction_100002137>	
	<wordnet_cipher_106254239>	rdfs:subClassOf	<wordnet_abstraction_100002137>	
	<wordnet_embryology_106071426>	rdfs:subClassOf	<wordnet_abstraction_100002137>	
	<wordnet_masterpiece_103727605>	rdfs:subClassOf	<wordnet_artifact_100021939>	
	<wordnet_hypochondriac_110195487>	rdfs:subClassOf	<wordnet_person_100007846>	
	<wordnet_security_force_108210982>	rdfs:subClassOf	<wordnet_organization_108008335>	
	<wordnet_anatomy_106057539>	rdfs:subClassOf	<wordnet_abstraction_100002137>	
	<wordnet_greenhouse_gas_114877234>	rdfs:subClassOf	<wordnet_physical_entity_100001930>	
	<wordnet_signal_106791372>	rdfs:subClassOf	<wordnet_abstraction_100002137>	
	<wordnet_hummingbird_101833805>	rdfs:subClassOf	<wordnet_physical_entity_100001930>	
	<wordnet_perchlorate_114684607>	rdfs:subClassOf	<wordnet_abstraction_100002137>	
	<wordnet_armored_vehicle_102740533>	rdfs:subClassOf	<wordnet_artifact_100021939>	
	<wordnet_stadium_104295881>	rdfs:subClassOf	<yagoGeoEntity>	
	<wordnet_gomphothere_102506783>	rdfs:subClassOf	<wordnet_physical_entity_100001930>	
	<wordnet_custom_100413239>	rdfs:subClassOf	<wordnet_abstraction_100002137>	
	<wordnet_boulle_102878628>	rdfs:subClassOf	<wordnet_artifact_100021939>	
	<wordnet_anti-submarine_rocket_102724722>	rdfs:subClassOf	<wordnet_artifact_100021939>	
	<wordnet_zither_104615226>	rdfs:subClassOf	<wordnet_artifact_100021939>	
	<wordnet_groundcover_113112427>	rdfs:subClassOf	<wordnet_abstraction_100002137>	
	<wordnet_discography_106488224>	rdfs:subClassOf	<wordnet_abstraction_100002137>	
	<wordnet_gap_104752859>	rdfs:subClassOf	<wordnet_abstraction_100002137>	
	<wordnet_frame_103391301>	rdfs:subClassOf	<yagoGeoEntity>	
	<wordnet_benefit_113296899>	rdfs:subClassOf	<wordnet_abstraction_100002137>	
	<wordnet_squama_101903234>	rdfs:subClassOf	<wordnet_physical_entity_100001930>	
	<wordnet_squirrel_102355227>	rdfs:subClassOf	<wordnet_physical_entity_100001930>	
	<wordnet_foam_109282724>	rdfs:subClassOf	<wordnet_abstraction_100002137>	
	<wordnet_ornithopod_101705591>	rdfs:subClassOf	<wordnet_physical_entity_100001930>	
	<wordnet_ingredient_103570709>	rdfs:subClassOf	<wordnet_physical_entity_100001930>	
	<wordnet_pyrogallol_114615400>	rdfs:subClassOf	<wordnet_abstraction_100002137>	
	<wordnet_specialism_105705184>	rdfs:subClassOf	<wordnet_abstraction_100002137>	
	<wordnet_toxicologist_110719807>	rdfs:subClassOf	<wordnet_person_100007846>	
	<wordnet_oilfield_108659861>	rdfs:subClassOf	<yagoGeoEntity>	
	<wordnet_foodstuff_107566340>	rdfs:subClassOf	<wordnet_physical_entity_100001930>	
	<wordnet_candle_113641534>	rdfs:subClassOf	<wordnet_abstraction_100002137>	
	<wordnet_solar_cell_104257986>	rdfs:subClassOf	<wordnet_artifact_100021939>	
	<wordnet_transcript_106505517>	rdfs:subClassOf	<wordnet_abstraction_100002137>	
	<wordnet_landscape_108646902>	rdfs:subClassOf	<yagoGeoEntity>	
	<wordnet_eparchy_108551296>	rdfs:subClassOf	<yagoGeoEntity>	
	<wordnet_panpipe_103884397>	rdfs:subClassOf	<wordnet_artifact_100021939>	
	<wordnet_electrical_phenomenon_111449002>	rdfs:subClassOf	<wordnet_physical_entity_100001930>	
	<wordnet_terrain_108674563>	rdfs:subClassOf	<yagoGeoEntity>	
	<wordnet_town_hall_104461437>	rdfs:subClassOf	<wordnet_building_102913152>	
	<wordnet_killer_110231087>	rdfs:subClassOf	<wordnet_person_100007846>	
	<wordnet_sketch_104227144>	rdfs:subClassOf	<wordnet_artifact_100021939>	
	<wordnet_ranch_104052442>	rdfs:subClassOf	<yagoGeoEntity>	
	<wordnet_blizzard_111509570>	rdfs:subClassOf	<wordnet_physical_entity_100001930>	
	<wordnet_storage_medium_106263762>	rdfs:subClassOf	<wordnet_artifact_100021939>	
	<wordnet_chemical_element_114622893>	rdfs:subClassOf	<wordnet_abstraction_100002137>	
	<wordnet_computer_system_103085915>	rdfs:subClassOf	<wordnet_artifact_100021939>	
	<wordnet_skirt_104231272>	rdfs:subClassOf	<wordnet_artifact_100021939>	
	<wordnet_centurion_109905050>	rdfs:subClassOf	<wordnet_person_100007846>	
	<wordnet_flanker_back_110095265>	rdfs:subClassOf	<wordnet_person_100007846>	
	<wordnet_anion_109197815>	rdfs:subClassOf	<wordnet_physical_entity_100001930>	
	<wordnet_museum_103800563>	rdfs:subClassOf	<yagoGeoEntity>	
	<wordnet_file_system_105732614>	rdfs:subClassOf	<wordnet_abstraction_100002137>	
	<wordnet_pyramid_113914837>	rdfs:subClassOf	<wordnet_abstraction_100002137>	
	<wordnet_chimney_103017428>	rdfs:subClassOf	<yagoGeoEntity>	
	<wordnet_traffic_circle_104465933>	rdfs:subClassOf	<yagoGeoEntity>	
	<wordnet_priest_110470779>	rdfs:subClassOf	<wordnet_person_100007846>	
	<wordnet_herbicide_114906850>	rdfs:subClassOf	<wordnet_abstraction_100002137>	
	<wordnet_lubricant_114890659>	rdfs:subClassOf	<wordnet_physical_entity_100001930>	
	<wordnet_artifact_100021939>	rdfs:subClassOf	<wordnet_artifact_100021939>	
	<wordnet_football_stadium_103379204>	rdfs:subClassOf	<yagoGeoEntity>	
	<wordnet_oxidant_114780040>	rdfs:subClassOf	<wordnet_physical_entity_100001930>	
	<wordnet_science_105999797>	rdfs:subClassOf	<wordnet_abstraction_100002137>	
	<wordnet_game_of_chance_100507673>	rdfs:subClassOf	<wordnet_abstraction_100002137>	
	<wordnet_theophany_107323682>	rdfs:subClassOf	<wordnet_abstraction_100002137>	
	<wordnet_kibbutz_108056873>	rdfs:subClassOf	<wordnet_organization_108008335>	
	<wordnet_jester_110221312>	rdfs:subClassOf	<wordnet_person_100007846>	
	<wordnet_pitta_101555004>	rdfs:subClassOf	<wordnet_physical_entity_100001930>	
	<wordnet_chat_107134850>	rdfs:subClassOf	<wordnet_abstraction_100002137>	
	<wordnet_flute_103372029>	rdfs:subClassOf	<wordnet_artifact_100021939>	
	<wordnet_jockey_110223177>	rdfs:subClassOf	<wordnet_person_100007846>	
	<wordnet_ant_102219486>	rdfs:subClassOf	<wordnet_physical_entity_100001930>	
	<wordnet_rift_valley_109410224>	rdfs:subClassOf	<yagoGeoEntity>	
	<wordnet_dentist_110004282>	rdfs:subClassOf	<wordnet_person_100007846>	
	<wordnet_electorate_108161068>	rdfs:subClassOf	<wordnet_abstraction_100002137>	
	<wordnet_academician_109759501>	rdfs:subClassOf	<wordnet_person_100007846>	
	<wordnet_fluid_114939900>	rdfs:subClassOf	<wordnet_abstraction_100002137>	
	<wordnet_bead_102815071>	rdfs:subClassOf	<wordnet_artifact_100021939>	
	<wordnet_adjutant_general_109770359>	rdfs:subClassOf	<wordnet_person_100007846>	
	<wordnet_neutrino_109369412>	rdfs:subClassOf	<wordnet_physical_entity_100001930>	
	<wordnet_stowaway_110660471>	rdfs:subClassOf	<wordnet_person_100007846>	
	<wordnet_error_107299569>	rdfs:subClassOf	<wordnet_abstraction_100002137>	
	<wordnet_battalion_108214083>	rdfs:subClassOf	<wordnet_organization_108008335>	
	<wordnet_deployment_101143409>	rdfs:subClassOf	<wordnet_abstraction_100002137>	
	<wordnet_convert_109962414>	rdfs:subClassOf	<wordnet_person_100007846>	
	<wordnet_state_capital_108695539>	rdfs:subClassOf	<yagoGeoEntity>	
	<wordnet_sign_106646243>	rdfs:subClassOf	<wordnet_abstraction_100002137>	
	<wordnet_namesake_110344922>	rdfs:subClassOf	<wordnet_person_100007846>	
	<wordnet_radiopharmaceutical_104043268>	rdfs:subClassOf	<wordnet_physical_entity_100001930>	
	<wordnet_hermitage_103515934>	rdfs:subClassOf	<yagoGeoEntity>	
	<wordnet_violinist_110754578>	rdfs:subClassOf	<wordnet_person_100007846>	
	<wordnet_embassy_103282295>	rdfs:subClassOf	<wordnet_building_102913152>	
	<wordnet_mare_102377480>	rdfs:subClassOf	<wordnet_physical_entity_100001930>	
	<wordnet_mass_spectrometer_103726516>	rdfs:subClassOf	<wordnet_artifact_100021939>	
	<wordnet_target_107262108>	rdfs:subClassOf	<wordnet_abstraction_100002137>	
	<wordnet_cricketer_109977326>	rdfs:subClassOf	<wordnet_person_100007846>	
	<wordnet_medalist_110304914>	rdfs:subClassOf	<wordnet_person_100007846>	
	<wordnet_cup_103147509>	rdfs:subClassOf	<wordnet_artifact_100021939>	
	<wordnet_simulation_100899049>	rdfs:subClassOf	<wordnet_abstraction_100002137>	
	<wordnet_neutron_star_109369692>	rdfs:subClassOf	<wordnet_physical_entity_100001930>	
	<wordnet_hostel_103541537>	rdfs:subClassOf	<yagoGeoEntity>	
	<wordnet_view_105933246>	rdfs:subClassOf	<wordnet_abstraction_100002137>	
	<wordnet_radiologist_110504206>	rdfs:subClassOf	<wordnet_person_100007846>	
	<wordnet_inorganic_compound_114919511>	rdfs:subClassOf	<wordnet_abstraction_100002137>	
	<wordnet_brown_sauce_107836456>	rdfs:subClassOf	<wordnet_physical_entity_100001930>	
	<wordnet_amphictyony_108360248>	rdfs:subClassOf	<wordnet_organization_108008335>	
	<wordnet_estimate_105803379>	rdfs:subClassOf	<wordnet_abstraction_100002137>	
	<wordnet_automaton_109825519>	rdfs:subClassOf	<wordnet_person_100007846>	
	<wordnet_storyline_106373645>	rdfs:subClassOf	<wordnet_abstraction_100002137>	
	<wordnet_cougar_102125311>	rdfs:subClassOf	<wordnet_physical_entity_100001930>	
	<wordnet_saboteur_110544748>	rdfs:subClassOf	<wordnet_person_100007846>	
	<wordnet_regency_115298995>	rdfs:subClassOf	<wordnet_abstraction_100002137>	
	<wordnet_beret_102831237>	rdfs:subClassOf	<wordnet_artifact_100021939>	
	<wordnet_rotavirus_101341090>	rdfs:subClassOf	<wordnet_physical_entity_100001930>	
	<wordnet_reserve_bank_108350919>	rdfs:subClassOf	<wordnet_organization_108008335>	
	<wordnet_relay_100318567>	rdfs:subClassOf	<wordnet_abstraction_100002137>	
	<wordnet_compound_114818238>	rdfs:subClassOf	<wordnet_abstraction_100002137>	
	<wordnet_winter_115237782>	rdfs:subClassOf	<wordnet_abstraction_100002137>	
	<wordnet_anthropologist_109796323>	rdfs:subClassOf	<wordnet_person_100007846>	
	<wordnet_granulocyte_105453145>	rdfs:subClassOf	<wordnet_physical_entity_100001930>	
	<wordnet_mechanical_device_103736970>	rdfs:subClassOf	<wordnet_artifact_100021939>	
	<wordnet_personality_test_101007463>	rdfs:subClassOf	<wordnet_abstraction_100002137>	
	<wordnet_diol_114835980>	rdfs:subClassOf	<wordnet_abstraction_100002137>	
	<wordnet_stock_trader_110657835>	rdfs:subClassOf	<wordnet_person_100007846>	
	<wordnet_sighting_100880269>	rdfs:subClassOf	<wordnet_abstraction_100002137>	
	<wordnet_hadron_109300674>	rdfs:subClassOf	<wordnet_physical_entity_100001930>	
	<wordnet_cart_102970849>	rdfs:subClassOf	<wordnet_artifact_100021939>	
	<wordnet_stem_cell_105607863>	rdfs:subClassOf	<wordnet_physical_entity_100001930>	
	<wordnet_mortar_103786715>	rdfs:subClassOf	<wordnet_artifact_100021939>	
	<wordnet_laxative_103650084>	rdfs:subClassOf	<wordnet_physical_entity_100001930>	
	<wordnet_conifer_113108841>	rdfs:subClassOf	<wordnet_physical_entity_100001930>	
	<wordnet_sea_109426788>	rdfs:subClassOf	<yagoGeoEntity>	
	<wordnet_county_council_108357529>	rdfs:subClassOf	<wordnet_abstraction_100002137>	
	<wordnet_spider_101772222>	rdfs:subClassOf	<wordnet_physical_entity_100001930>	
	<wordnet_arm_105563770>	rdfs:subClassOf	<wordnet_physical_entity_100001930>	
	<wordnet_marmot_102361337>	rdfs:subClassOf	<wordnet_physical_entity_100001930>	
	<wordnet_symphony_orchestra_108248856>	rdfs:subClassOf	<wordnet_organization_108008335>	
	<wordnet_paymaster_110410035>	rdfs:subClassOf	<wordnet_person_100007846>	
	<wordnet_justiciar_110228592>	rdfs:subClassOf	<wordnet_person_100007846>	
	<wordnet_microeconomist_110313724>	rdfs:subClassOf	<wordnet_person_100007846>	
	<wordnet_love_affair_113931436>	rdfs:subClassOf	<wordnet_abstraction_100002137>	
	<wordnet_vitamin_115089258>	rdfs:subClassOf	<wordnet_physical_entity_100001930>	
	<wordnet_aphid_102252226>	rdfs:subClassOf	<wordnet_physical_entity_100001930>	
	<wordnet_noun_106319293>	rdfs:subClassOf	<wordnet_abstraction_100002137>	
	<wordnet_modem_103777754>	rdfs:subClassOf	<wordnet_artifact_100021939>	
	<wordnet_greenbelt_108580011>	rdfs:subClassOf	<yagoGeoEntity>	
	<wordnet_procedure_101023820>	rdfs:subClassOf	<wordnet_abstraction_100002137>	
	<wordnet_commando_109942275>	rdfs:subClassOf	<wordnet_person_100007846>	
	<wordnet_sum_104353803>	rdfs:subClassOf	<wordnet_physical_entity_100001930>	
	<wordnet_chimpanzee_102481823>	rdfs:subClassOf	<wordnet_physical_entity_100001930>	
	<wordnet_herbalist_110171456>	rdfs:subClassOf	<wordnet_person_100007846>	
	<wordnet_rat_102331046>	rdfs:subClassOf	<wordnet_physical_entity_100001930>	
	<wordnet_complex_number_113729428>	rdfs:subClassOf	<wordnet_abstraction_100002137>	
	<wordnet_master_103727274>	rdfs:subClassOf	<wordnet_artifact_100021939>	
	<wordnet_car_door_102963821>	rdfs:subClassOf	<yagoGeoEntity>	
	<wordnet_executive_agency_108123696>	rdfs:subClassOf	<wordnet_organization_108008335>	
	<wordnet_command_107168131>	rdfs:subClassOf	<wordnet_abstraction_100002137>	
	<wordnet_admiral_109771204>	rdfs:subClassOf	<wordnet_person_100007846>	
	<wordnet_bend_113869327>	rdfs:subClassOf	<wordnet_abstraction_100002137>	
	<wordnet_company_108058098>	rdfs:subClassOf	<wordnet_organization_108008335>	
	<wordnet_panorama_103884072>	rdfs:subClassOf	<wordnet_artifact_100021939>	
	<wordnet_provost_110486468>	rdfs:subClassOf	<wordnet_person_100007846>	
	<wordnet_tribune_110728828>	rdfs:subClassOf	<wordnet_person_100007846>	
	<wordnet_matriarch_110302576>	rdfs:subClassOf	<wordnet_person_100007846>	
	<wordnet_recorder_104063373>	rdfs:subClassOf	<wordnet_artifact_100021939>	
	<wordnet_prefect_110465128>	rdfs:subClassOf	<wordnet_person_100007846>	
	<wordnet_colubrid_snake_101727646>	rdfs:subClassOf	<wordnet_physical_entity_100001930>	
	<wordnet_barrel_organ_102795978>	rdfs:subClassOf	<wordnet_artifact_100021939>	
	<wordnet_time_unit_115154774>	rdfs:subClassOf	<wordnet_abstraction_100002137>	
	<wordnet_synagogue_104374735>	rdfs:subClassOf	<wordnet_building_102913152>	
	<wordnet_philistine_110423031>	rdfs:subClassOf	<wordnet_person_100007846>	
	<wordnet_copper_mine_103104147>	rdfs:subClassOf	<yagoGeoEntity>	
	<wordnet_coachbuilder_109932227>	rdfs:subClassOf	<wordnet_person_100007846>	
	<wordnet_associate_degree_106697703>	rdfs:subClassOf	<wordnet_abstraction_100002137>	
	<wordnet_short_104204619>	rdfs:subClassOf	<yagoGeoEntity>	
	<wordnet_convenience_food_107593549>	rdfs:subClassOf	<wordnet_physical_entity_100001930>	
	<wordnet_newsreel_106616703>	rdfs:subClassOf	<wordnet_artifact_100021939>	
	<wordnet_bacteria_101348530>	rdfs:subClassOf	<wordnet_physical_entity_100001930>	
	<wordnet_tensor_105864481>	rdfs:subClassOf	<wordnet_abstraction_100002137>	
	<wordnet_dynamometer_103260733>	rdfs:subClassOf	<wordnet_artifact_100021939>	
	<wordnet_defense_108064130>	rdfs:subClassOf	<wordnet_organization_108008335>	
	<wordnet_pageant_100899761>	rdfs:subClassOf	<wordnet_abstraction_100002137>	
	<wordnet_dependence_114001348>	rdfs:subClassOf	<wordnet_abstraction_100002137>	
	<wordnet_centrifuge_102995998>	rdfs:subClassOf	<wordnet_artifact_100021939>	
	<wordnet_cayenne_112900987>	rdfs:subClassOf	<wordnet_physical_entity_100001930>	
	<wordnet_deity_109505418>	rdfs:subClassOf	<wordnet_abstraction_100002137>	
	<wordnet_geologist_110127689>	rdfs:subClassOf	<wordnet_person_100007846>	
	<wordnet_shot_tower_104206790>	rdfs:subClassOf	<yagoGeoEntity>	
	<wordnet_bunchgrass_112103476>	rdfs:subClassOf	<wordnet_physical_entity_100001930>	
	<wordnet_orange_107747607>	rdfs:subClassOf	<wordnet_physical_entity_100001930>	
	<wordnet_caddie_109886403>	rdfs:subClassOf	<wordnet_person_100007846>	
	<wordnet_cyclopropane_103155661>	rdfs:subClassOf	<wordnet_physical_entity_100001930>	
	<wordnet_grass_112102133>	rdfs:subClassOf	<wordnet_physical_entity_100001930>	
	<wordnet_kidnapping_100775702>	rdfs:subClassOf	<wordnet_abstraction_100002137>	
	<wordnet_kibbutznik_110230335>	rdfs:subClassOf	<wordnet_person_100007846>	
	<wordnet_parameter_105859071>	rdfs:subClassOf	<wordnet_abstraction_100002137>	
	<wordnet_jet_103595860>	rdfs:subClassOf	<wordnet_artifact_100021939>	
	<wordnet_irrational_number_113730584>	rdfs:subClassOf	<wordnet_abstraction_100002137>	
	<wordnet_shadow_113984944>	rdfs:subClassOf	<wordnet_abstraction_100002137>	
	<wordnet_enchantress_110055297>	rdfs:subClassOf	<wordnet_person_100007846>	
	<wordnet_immigrant_110199489>	rdfs:subClassOf	<wordnet_person_100007846>	
	<wordnet_subdivision_108674251>	rdfs:subClassOf	<yagoGeoEntity>	
	<wordnet_leopard_114765422>	rdfs:subClassOf	<wordnet_abstraction_100002137>	
	<wordnet_palm_105565696>	rdfs:subClassOf	<wordnet_physical_entity_100001930>	
	<wordnet_archduke_109804658>	rdfs:subClassOf	<wordnet_person_100007846>	
	<wordnet_address_107238694>	rdfs:subClassOf	<wordnet_abstraction_100002137>	
	<wordnet_chemical_process_113446390>	rdfs:subClassOf	<wordnet_physical_entity_100001930>	
	<wordnet_antispasmodic_102724533>	rdfs:subClassOf	<wordnet_physical_entity_100001930>	
	<wordnet_archive_102735086>	rdfs:subClassOf	<yagoGeoEntity>	
	<wordnet_cockatoo_101819115>	rdfs:subClassOf	<wordnet_physical_entity_100001930>	
	<wordnet_czarina_109987573>	rdfs:subClassOf	<wordnet_person_100007846>	
	<wordnet_ballerina_109834592>	rdfs:subClassOf	<wordnet_person_100007846>	
	<wordnet_person_100007846>	rdfs:subClassOf	<wordnet_person_100007846>	
	<wordnet_antiphon_107033245>	rdfs:subClassOf	<wordnet_abstraction_100002137>	
	<wordnet_metro_103757138>	rdfs:subClassOf	<wordnet_organization_108008335>	
	<wordnet_prion_109398935>	rdfs:subClassOf	<wordnet_physical_entity_100001930>	
	<wordnet_pudding_107617188>	rdfs:subClassOf	<wordnet_physical_entity_100001930>	
	<wordnet_personal_computer_103918480>	rdfs:subClassOf	<wordnet_artifact_100021939>	
	<wordnet_section_104164989>	rdfs:subClassOf	<wordnet_physical_entity_100001930>	
	<wordnet_right_105174653>	rdfs:subClassOf	<wordnet_abstraction_100002137>	
	<wordnet_musher_110339717>	rdfs:subClassOf	<wordnet_person_100007846>	
	<wordnet_dog_show_100519492>	rdfs:subClassOf	<wordnet_abstraction_100002137>	
	<wordnet_bacillus_101349948>	rdfs:subClassOf	<wordnet_physical_entity_100001930>	
	<wordnet_reservoir_113776854>	rdfs:subClassOf	<wordnet_abstraction_100002137>	
	<wordnet_viscountcy_114433232>	rdfs:subClassOf	<wordnet_abstraction_100002137>	
	<wordnet_medical_practitioner_110305802>	rdfs:subClassOf	<wordnet_person_100007846>	
	<wordnet_maar_109344724>	rdfs:subClassOf	<yagoGeoEntity>	
	<wordnet_serial_106621447>	rdfs:subClassOf	<wordnet_abstraction_100002137>	
	<wordnet_bay_109215664>	rdfs:subClassOf	<yagoGeoEntity>	
	<wordnet_hotdog_110187710>	rdfs:subClassOf	<wordnet_person_100007846>	
	<wordnet_honey_plant_113237075>	rdfs:subClassOf	<wordnet_physical_entity_100001930>	
	<wordnet_vestment_104532106>	rdfs:subClassOf	<wordnet_artifact_100021939>	
	<wordnet_meme_105985126>	rdfs:subClassOf	<wordnet_abstraction_100002137>	
	<wordnet_catheter_102984469>	rdfs:subClassOf	<yagoGeoEntity>	
	<wordnet_art_historian_109811414>	rdfs:subClassOf	<wordnet_person_100007846>	
	<wordnet_calendar_115173479>	rdfs:subClassOf	<wordnet_abstraction_100002137>	
	<wordnet_gargoyle_103418618>	rdfs:subClassOf	<wordnet_artifact_100021939>	
	<wordnet_resin_114894140>	rdfs:subClassOf	<wordnet_abstraction_100002137>	
	<wordnet_nuclear_chemist_110364502>	rdfs:subClassOf	<wordnet_person_100007846>	
	<wordnet_placoderm_101480106>	rdfs:subClassOf	<wordnet_physical_entity_100001930>	
	<wordnet_region_108630039>	rdfs:subClassOf	<yagoGeoEntity>	
	<wordnet_hatchback_103498781>	rdfs:subClassOf	<wordnet_artifact_100021939>	
	<wordnet_field_marshal_110086821>	rdfs:subClassOf	<wordnet_person_100007846>	
	<wordnet_identical_twin_110197182>	rdfs:subClassOf	<wordnet_person_100007846>	
	<wordnet_incursion_100049344>	rdfs:subClassOf	<wordnet_abstraction_100002137>	
	<wordnet_shock_wave_107347846>	rdfs:subClassOf	<wordnet_abstraction_100002137>	
	<wordnet_true_frog_101640846>	rdfs:subClassOf	<wordnet_physical_entity_100001930>	
	<wordnet_cotton_rat_102338722>	rdfs:subClassOf	<wordnet_physical_entity_100001930>	
	<wordnet_historian_110177150>	rdfs:subClassOf	<wordnet_person_100007846>	
	<wordnet_booster_109866661>	rdfs:subClassOf	<wordnet_person_100007846>	
	<wordnet_ship_104194289>	rdfs:subClassOf	<wordnet_artifact_100021939>	
	<wordnet_figurine_103336459>	rdfs:subClassOf	<wordnet_artifact_100021939>	
	<wordnet_bird_of_prey_101604330>	rdfs:subClassOf	<wordnet_physical_entity_100001930>	
	<wordnet_artificial_intelligence_106133203>	rdfs:subClassOf	<wordnet_abstraction_100002137>	
	<wordnet_propionic_acid_114862753>	rdfs:subClassOf	<wordnet_abstraction_100002137>	
	<wordnet_consequence_111410625>	rdfs:subClassOf	<wordnet_physical_entity_100001930>	
	<wordnet_garage_103416489>	rdfs:subClassOf	<wordnet_building_102913152>	
	<wordnet_alpha_blocker_102698769>	rdfs:subClassOf	<wordnet_physical_entity_100001930>	
	<wordnet_generator_103434188>	rdfs:subClassOf	<wordnet_artifact_100021939>	
	<wordnet_football_play_100558630>	rdfs:subClassOf	<wordnet_abstraction_100002137>	
	<wordnet_gerontologist_110128381>	rdfs:subClassOf	<wordnet_person_100007846>	
	<wordnet_alcohol_107884567>	rdfs:subClassOf	<wordnet_abstraction_100002137>	
	<wordnet_rabbi_110502329>	rdfs:subClassOf	<wordnet_person_100007846>	
	<wordnet_revenue_stamp_106855817>	rdfs:subClassOf	<wordnet_abstraction_100002137>	
	<wordnet_carrier_109897696>	rdfs:subClassOf	<wordnet_person_100007846>	
	<wordnet_ascent_109206985>	rdfs:subClassOf	<yagoGeoEntity>	
	<wordnet_nothing_113740168>	rdfs:subClassOf	<wordnet_abstraction_100002137>	
	<wordnet_tidal_bore_107403920>	rdfs:subClassOf	<wordnet_abstraction_100002137>	
	<wordnet_comet_109251407>	rdfs:subClassOf	<wordnet_physical_entity_100001930>	
	<wordnet_steamboat_104308807>	rdfs:subClassOf	<wordnet_artifact_100021939>	
	<wordnet_scarlet_104964977>	rdfs:subClassOf	<wordnet_abstraction_100002137>	
	<wordnet_army_108191230>	rdfs:subClassOf	<wordnet_organization_108008335>	
	<wordnet_environment_113934596>	rdfs:subClassOf	<wordnet_abstraction_100002137>	
	<wordnet_robber_110534586>	rdfs:subClassOf	<wordnet_person_100007846>	
	<wordnet_door_103221720>	rdfs:subClassOf	<yagoGeoEntity>	
	<wordnet_gem_114699752>	rdfs:subClassOf	<wordnet_physical_entity_100001930>	
	<wordnet_moraine_109358907>	rdfs:subClassOf	<wordnet_abstraction_100002137>	
	<wordnet_choreographer_109920283>	rdfs:subClassOf	<wordnet_person_100007846>	
	<wordnet_banquet_108253640>	rdfs:subClassOf	<wordnet_abstraction_100002137>	
	<wordnet_anabolic_steroid_115111116>	rdfs:subClassOf	<wordnet_abstraction_100002137>	
	<wordnet_tactic_105905152>	rdfs:subClassOf	<wordnet_abstraction_100002137>	
	<wordnet_ketch_103612010>	rdfs:subClassOf	<wordnet_artifact_100021939>	
	<wordnet_guitar_103467517>	rdfs:subClassOf	<wordnet_artifact_100021939>	
	<wordnet_tourist_attraction_105853820>	rdfs:subClassOf	<wordnet_abstraction_100002137>	
	<wordnet_demoniac_110002644>	rdfs:subClassOf	<wordnet_person_100007846>	
	<wordnet_resident_110523519>	rdfs:subClassOf	<wordnet_person_100007846>	
	<wordnet_sight_105933054>	rdfs:subClassOf	<wordnet_abstraction_100002137>	
	<wordnet_bacteriologist_109831411>	rdfs:subClassOf	<wordnet_person_100007846>	
	<wordnet_wax_115094294>	rdfs:subClassOf	<wordnet_abstraction_100002137>	
	<wordnet_rug_104118021>	rdfs:subClassOf	<wordnet_artifact_100021939>	
	<wordnet_triangle_113879320>	rdfs:subClassOf	<wordnet_abstraction_100002137>	
	<wordnet_law_school_108283051>	rdfs:subClassOf	<wordnet_organization_108008335>	
	<wordnet_beacon_102814860>	rdfs:subClassOf	<yagoGeoEntity>	
	<wordnet_kingdom_114514805>	rdfs:subClassOf	<wordnet_abstraction_100002137>	
	<wordnet_veterinary_school_108287335>	rdfs:subClassOf	<wordnet_organization_108008335>	
	<wordnet_beetle_102164464>	rdfs:subClassOf	<wordnet_physical_entity_100001930>	
	<wordnet_federation_108303504>	rdfs:subClassOf	<wordnet_organization_108008335>	
	<wordnet_rule_of_law_113968973>	rdfs:subClassOf	<wordnet_abstraction_100002137>	
	<wordnet_tunicate_101468238>	rdfs:subClassOf	<wordnet_physical_entity_100001930>	
	<wordnet_arterial_road_102744323>	rdfs:subClassOf	<yagoGeoEntity>	
	<wordnet_civil_rights_leader_109924996>	rdfs:subClassOf	<wordnet_person_100007846>	
	<wordnet_yard_113650447>	rdfs:subClassOf	<wordnet_abstraction_100002137>	
	<wordnet_shoe_104199027>	rdfs:subClassOf	<wordnet_artifact_100021939>	
	<wordnet_plastic_art_103958097>	rdfs:subClassOf	<wordnet_artifact_100021939>	
	<wordnet_manufacturer_110292316>	rdfs:subClassOf	<wordnet_person_100007846>	
	<wordnet_confectioner_109953350>	rdfs:subClassOf	<wordnet_person_100007846>	
	<wordnet_subsidy_113267014>	rdfs:subClassOf	<wordnet_abstraction_100002137>	
	<wordnet_food_allergy_114532142>	rdfs:subClassOf	<wordnet_abstraction_100002137>	
	<wordnet_acetamide_114711197>	rdfs:subClassOf	<wordnet_abstraction_100002137>	
	<wordnet_enterprise_104836074>	rdfs:subClassOf	<wordnet_abstraction_100002137>	
	<wordnet_crooner_109980090>	rdfs:subClassOf	<wordnet_person_100007846>	
	<wordnet_ghost_105898171>	rdfs:subClassOf	<wordnet_abstraction_100002137>	
	<wordnet_shipwright_110590764>	rdfs:subClassOf	<wordnet_person_100007846>	
	<wordnet_port_of_entry_108638442>	rdfs:subClassOf	<yagoGeoEntity>	
	<wordnet_anatomist_109792237>	rdfs:subClassOf	<wordnet_person_100007846>	
	<wordnet_genocide_101245159>	rdfs:subClassOf	<wordnet_abstraction_100002137>	
	<wordnet_angel_109538915>	rdfs:subClassOf	<wordnet_abstraction_100002137>	
	<wordnet_narrator_110345804>	rdfs:subClassOf	<wordnet_person_100007846>	
	<wordnet_horse_102374451>	rdfs:subClassOf	<wordnet_physical_entity_100001930>	
	<wordnet_veterinarian_110749715>	rdfs:subClassOf	<wordnet_person_100007846>	
	<wordnet_monocot_family_111555413>	rdfs:subClassOf	<wordnet_abstraction_100002137>	
	<wordnet_working_dog_102103406>	rdfs:subClassOf	<wordnet_physical_entity_100001930>	
	<wordnet_brigantine_102901620>	rdfs:subClassOf	<wordnet_artifact_100021939>	
	<wordnet_military_installation_103763133>	rdfs:subClassOf	<yagoGeoEntity>	
	<wordnet_tungstate_115081957>	rdfs:subClassOf	<wordnet_abstraction_100002137>	
	<wordnet_jobber_110222497>	rdfs:subClassOf	<wordnet_person_100007846>	
	<wordnet_lawman_110249459>	rdfs:subClassOf	<wordnet_person_100007846>	
	<wordnet_chipmunk_102360282>	rdfs:subClassOf	<wordnet_physical_entity_100001930>	
	<wordnet_sacred_text_106429590>	rdfs:subClassOf	<wordnet_abstraction_100002137>	
	<wordnet_carburetor_102962200>	rdfs:subClassOf	<wordnet_artifact_100021939>	
	<wordnet_passion_107480896>	rdfs:subClassOf	<wordnet_abstraction_100002137>	
	<wordnet_move_100165942>	rdfs:subClassOf	<wordnet_abstraction_100002137>	
	<wordnet_parasitic_plant_113120446>	rdfs:subClassOf	<wordnet_physical_entity_100001930>	
	<wordnet_recruiter_110512708>	rdfs:subClassOf	<wordnet_person_100007846>	
	<wordnet_motto_107152259>	rdfs:subClassOf	<wordnet_abstraction_100002137>	
	<wordnet_guildhall_103466839>	rdfs:subClassOf	<wordnet_building_102913152>	
	<wordnet_horn_103537085>	rdfs:subClassOf	<wordnet_artifact_100021939>	
	<wordnet_mass_murderer_110298343>	rdfs:subClassOf	<wordnet_person_100007846>	
	<wordnet_commoner_109610405>	rdfs:subClassOf	<wordnet_person_100007846>	
	<wordnet_petroleum_geologist_110420392>	rdfs:subClassOf	<wordnet_person_100007846>	
	<wordnet_civil_right_105182563>	rdfs:subClassOf	<wordnet_abstraction_100002137>	
	<wordnet_extensor_muscle_105294606>	rdfs:subClassOf	<wordnet_physical_entity_100001930>	
	<wordnet_choir_108188638>	rdfs:subClassOf	<wordnet_organization_108008335>	
	<wordnet_poisoner_110448568>	rdfs:subClassOf	<wordnet_person_100007846>	
	<wordnet_priory_104005197>	rdfs:subClassOf	<wordnet_building_102913152>	
	<wordnet_kingfisher_101827403>	rdfs:subClassOf	<wordnet_physical_entity_100001930>	
	<wordnet_static_107431683>	rdfs:subClassOf	<wordnet_abstraction_100002137>	
	<wordnet_naval_officer_110347593>	rdfs:subClassOf	<wordnet_person_100007846>	
	<wordnet_school_board_108413408>	rdfs:subClassOf	<wordnet_organization_108008335>	
	<wordnet_cowbird_101575117>	rdfs:subClassOf	<wordnet_physical_entity_100001930>	
	<wordnet_major_110283170>	rdfs:subClassOf	<wordnet_person_100007846>	
	<wordnet_plaza_103965456>	rdfs:subClassOf	<yagoGeoEntity>	
	<wordnet_central_bank_108349916>	rdfs:subClassOf	<wordnet_organization_108008335>	
	<wordnet_tour_guide_110718040>	rdfs:subClassOf	<wordnet_person_100007846>	
	<wordnet_tourist_110718131>	rdfs:subClassOf	<wordnet_person_100007846>	
	<wordnet_navy_108191701>	rdfs:subClassOf	<wordnet_organization_108008335>	
	<wordnet_billboard_102839110>	rdfs:subClassOf	<yagoGeoEntity>	
	<wordnet_citation_106763681>	rdfs:subClassOf	<wordnet_abstraction_100002137>	
	<wordnet_social_event_107288639>	rdfs:subClassOf	<wordnet_abstraction_100002137>	
	<wordnet_final_107466832>	rdfs:subClassOf	<wordnet_abstraction_100002137>	
	<wordnet_emergency_107417405>	rdfs:subClassOf	<wordnet_abstraction_100002137>	
	<wordnet_cairn_107273802>	rdfs:subClassOf	<wordnet_abstraction_100002137>	
	<wordnet_brown_bear_102132136>	rdfs:subClassOf	<wordnet_physical_entity_100001930>	
	<wordnet_examiner_110068234>	rdfs:subClassOf	<wordnet_person_100007846>	
	<wordnet_organelle_105445668>	rdfs:subClassOf	<wordnet_physical_entity_100001930>	
	<wordnet_brandy_107903208>	rdfs:subClassOf	<wordnet_abstraction_100002137>	
	<wordnet_protozoan_101389507>	rdfs:subClassOf	<wordnet_physical_entity_100001930>	
	<wordnet_believer_109848489>	rdfs:subClassOf	<wordnet_person_100007846>	
	<wordnet_autogiro_102759387>	rdfs:subClassOf	<wordnet_artifact_100021939>	
	<wordnet_practical_joke_100514128>	rdfs:subClassOf	<wordnet_abstraction_100002137>	
	<wordnet_soloist_110623650>	rdfs:subClassOf	<wordnet_person_100007846>	
	<wordnet_grammar_106174404>	rdfs:subClassOf	<wordnet_abstraction_100002137>	
	<wordnet_addict_109769076>	rdfs:subClassOf	<wordnet_person_100007846>	
